
INSERT INTO pat_mobiliario.tb_concedente (coc_id, coc_nome, coc_situacao, coc_tipo, coc_cpf_cnpj) VALUES (1, '0108056500', 'ATIVO', null, null);
INSERT INTO pat_mobiliario.tb_concedente (coc_id, coc_nome, coc_situacao, coc_tipo, coc_cpf_cnpj) VALUES (2, 'agro mamoré imp. e exp. eirelli ', 'ATIVO', null, null);
INSERT INTO pat_mobiliario.tb_concedente (coc_id, coc_nome, coc_situacao, coc_tipo, coc_cpf_cnpj) VALUES (3, 'aidc tecnologia ltda', 'ATIVO', null, null);
INSERT INTO pat_mobiliario.tb_concedente (coc_id, coc_nome, coc_situacao, coc_tipo, coc_cpf_cnpj) VALUES (4, 'BID', 'ATIVO', null, null);
INSERT INTO pat_mobiliario.tb_concedente (coc_id, coc_nome, coc_situacao, coc_tipo, coc_cpf_cnpj) VALUES (5, 'bidding comercial eirelli', 'ATIVO', null, null);
INSERT INTO pat_mobiliario.tb_concedente (coc_id, coc_nome, coc_situacao, coc_tipo, coc_cpf_cnpj) VALUES (6, 'BIOECONOMIA ', 'ATIVO', null, null);
INSERT INTO pat_mobiliario.tb_concedente (coc_id, coc_nome, coc_situacao, coc_tipo, coc_cpf_cnpj) VALUES (7, 'CAIXA ECONOMICA FEDERAL', 'ATIVO', null, null);
INSERT INTO pat_mobiliario.tb_concedente (coc_id, coc_nome, coc_situacao, coc_tipo, coc_cpf_cnpj) VALUES (8, 'CAPES', 'ATIVO', null, null);
INSERT INTO pat_mobiliario.tb_concedente (coc_id, coc_nome, coc_situacao, coc_tipo, coc_cpf_cnpj) VALUES (9, 'CNPq', 'ATIVO', null, null);
INSERT INTO pat_mobiliario.tb_concedente (coc_id, coc_nome, coc_situacao, coc_tipo, coc_cpf_cnpj) VALUES (10, 'CONSELHO NACIONAL DO CONSUMIDOR/MJ', 'ATIVO', null, null);
INSERT INTO pat_mobiliario.tb_concedente (coc_id, coc_nome, coc_situacao, coc_tipo, coc_cpf_cnpj) VALUES (11, 'decorações pantanal ltda epp', 'ATIVO', null, null);
INSERT INTO pat_mobiliario.tb_concedente (coc_id, coc_nome, coc_situacao, coc_tipo, coc_cpf_cnpj) VALUES (12, 'deltachip comercial ltda me', 'ATIVO', null, null);
INSERT INTO pat_mobiliario.tb_concedente (coc_id, coc_nome, coc_situacao, coc_tipo, coc_cpf_cnpj) VALUES (13, 'deltachip comercial ltda-me', 'ATIVO', null, null);
INSERT INTO pat_mobiliario.tb_concedente (coc_id, coc_nome, coc_situacao, coc_tipo, coc_cpf_cnpj) VALUES (14, 'DEPEN - MJ', 'ATIVO', null, null);
INSERT INTO pat_mobiliario.tb_concedente (coc_id, coc_nome, coc_situacao, coc_tipo, coc_cpf_cnpj) VALUES (15, 'DEPEN / MJ', 'ATIVO', null, null);
INSERT INTO pat_mobiliario.tb_concedente (coc_id, coc_nome, coc_situacao, coc_tipo, coc_cpf_cnpj) VALUES (16, 'df maquinas e ferramentas ltda me', 'ATIVO', null, null);
INSERT INTO pat_mobiliario.tb_concedente (coc_id, coc_nome, coc_situacao, coc_tipo, coc_cpf_cnpj) VALUES (17, 'esfera master comercial eirelli epp', 'ATIVO', null, null);
INSERT INTO pat_mobiliario.tb_concedente (coc_id, coc_nome, coc_situacao, coc_tipo, coc_cpf_cnpj) VALUES (18, 'FINEP', 'ATIVO', null, null);
INSERT INTO pat_mobiliario.tb_concedente (coc_id, coc_nome, coc_situacao, coc_tipo, coc_cpf_cnpj) VALUES (19, 'FNDE', 'ATIVO', null, null);
INSERT INTO pat_mobiliario.tb_concedente (coc_id, coc_nome, coc_situacao, coc_tipo, coc_cpf_cnpj) VALUES (20, 'FOCA - FORMAÇÃO E ORIENTAÇÃO DE CRIANÇAS E ADOLESCENTES', 'ATIVO', null, null);
INSERT INTO pat_mobiliario.tb_concedente (coc_id, coc_nome, coc_situacao, coc_tipo, coc_cpf_cnpj) VALUES (21, 'fratelli com de maq e equip ltda me', 'ATIVO', null, null);
INSERT INTO pat_mobiliario.tb_concedente (coc_id, coc_nome, coc_situacao, coc_tipo, coc_cpf_cnpj) VALUES (22, 'FUNDECT', 'ATIVO', null, null);
INSERT INTO pat_mobiliario.tb_concedente (coc_id, coc_nome, coc_situacao, coc_tipo, coc_cpf_cnpj) VALUES (23, 'FUNDECT/CAPES', 'ATIVO', null, null);
INSERT INTO pat_mobiliario.tb_concedente (coc_id, coc_nome, coc_situacao, coc_tipo, coc_cpf_cnpj) VALUES (24, 'FUNDECT/CNPq', 'ATIVO', null, null);
INSERT INTO pat_mobiliario.tb_concedente (coc_id, coc_nome, coc_situacao, coc_tipo, coc_cpf_cnpj) VALUES (25, 'Harmonia Serv Administ Eirelli', 'ATIVO', null, null);
INSERT INTO pat_mobiliario.tb_concedente (coc_id, coc_nome, coc_situacao, coc_tipo, coc_cpf_cnpj) VALUES (26, 'i a campagna junior e cia ltda', 'ATIVO', null, null);
INSERT INTO pat_mobiliario.tb_concedente (coc_id, coc_nome, coc_situacao, coc_tipo, coc_cpf_cnpj) VALUES (27, 'i.a.campagna junior & cia ltda', 'ATIVO', null, null);
INSERT INTO pat_mobiliario.tb_concedente (coc_id, coc_nome, coc_situacao, coc_tipo, coc_cpf_cnpj) VALUES (28, 'INCRA', 'ATIVO', null, null);
INSERT INTO pat_mobiliario.tb_concedente (coc_id, coc_nome, coc_situacao, coc_tipo, coc_cpf_cnpj) VALUES (29, 'INMETRO', 'ATIVO', null, null);
INSERT INTO pat_mobiliario.tb_concedente (coc_id, coc_nome, coc_situacao, coc_tipo, coc_cpf_cnpj) VALUES (30, 'inmetro/rj', 'ATIVO', null, null);
INSERT INTO pat_mobiliario.tb_concedente (coc_id, coc_nome, coc_situacao, coc_tipo, coc_cpf_cnpj) VALUES (31, 'JL COMERCIO E EQUIPAMENTOS LTDA', 'ATIVO', null, null);
INSERT INTO pat_mobiliario.tb_concedente (coc_id, coc_nome, coc_situacao, coc_tipo, coc_cpf_cnpj) VALUES (32, 'JL COMÉRCIO E EQUIPAMENTOS LTDA', 'ATIVO', null, null);
INSERT INTO pat_mobiliario.tb_concedente (coc_id, coc_nome, coc_situacao, coc_tipo, coc_cpf_cnpj) VALUES (33, 'lmk com e serv tecnol eirelli epp', 'ATIVO', null, null);
INSERT INTO pat_mobiliario.tb_concedente (coc_id, coc_nome, coc_situacao, coc_tipo, coc_cpf_cnpj) VALUES (34, 'MAPA', 'ATIVO', null, null);
INSERT INTO pat_mobiliario.tb_concedente (coc_id, coc_nome, coc_situacao, coc_tipo, coc_cpf_cnpj) VALUES (35, 'MAPA/CEF', 'ATIVO', null, null);
INSERT INTO pat_mobiliario.tb_concedente (coc_id, coc_nome, coc_situacao, coc_tipo, coc_cpf_cnpj) VALUES (36, 'MB- COMERCIO', 'ATIVO', null, null);
INSERT INTO pat_mobiliario.tb_concedente (coc_id, coc_nome, coc_situacao, coc_tipo, coc_cpf_cnpj) VALUES (37, 'MB COMERCIO MAQUINAS', 'ATIVO', null, null);
INSERT INTO pat_mobiliario.tb_concedente (coc_id, coc_nome, coc_situacao, coc_tipo, coc_cpf_cnpj) VALUES (38, 'MDA', 'ATIVO', null, null);
INSERT INTO pat_mobiliario.tb_concedente (coc_id, coc_nome, coc_situacao, coc_tipo, coc_cpf_cnpj) VALUES (39, 'MDA/CAIXA', 'ATIVO', null, null);
INSERT INTO pat_mobiliario.tb_concedente (coc_id, coc_nome, coc_situacao, coc_tipo, coc_cpf_cnpj) VALUES (40, 'MDA/CEF', 'ATIVO', null, null);
INSERT INTO pat_mobiliario.tb_concedente (coc_id, coc_nome, coc_situacao, coc_tipo, coc_cpf_cnpj) VALUES (41, 'MIN / SUDECO', 'ATIVO', null, null);
INSERT INTO pat_mobiliario.tb_concedente (coc_id, coc_nome, coc_situacao, coc_tipo, coc_cpf_cnpj) VALUES (42, 'MIN/SUDECO', 'ATIVO', null, null);
INSERT INTO pat_mobiliario.tb_concedente (coc_id, coc_nome, coc_situacao, coc_tipo, coc_cpf_cnpj) VALUES (43, 'MINISTERIO DA AGRICULTURA  PECUARIA E ABASTECIMENTO  MAPA', 'ATIVO', null, null);
INSERT INTO pat_mobiliario.tb_concedente (coc_id, coc_nome, coc_situacao, coc_tipo, coc_cpf_cnpj) VALUES (44, 'MINISTERIO DA AGRICULTURA ,PECUÁRIA ABASTECIMENTO ', 'ATIVO', null, null);
INSERT INTO pat_mobiliario.tb_concedente (coc_id, coc_nome, coc_situacao, coc_tipo, coc_cpf_cnpj) VALUES (45, 'MINISTERIO DA AGRICULTURA PACUARIA E ABASTACIMENTO MAPA', 'ATIVO', null, null);
INSERT INTO pat_mobiliario.tb_concedente (coc_id, coc_nome, coc_situacao, coc_tipo, coc_cpf_cnpj) VALUES (46, 'MINISTERIO DA AGRICULTURA PECUARIA E ABASTECIMENTO  MAPA', 'ATIVO', null, null);
INSERT INTO pat_mobiliario.tb_concedente (coc_id, coc_nome, coc_situacao, coc_tipo, coc_cpf_cnpj) VALUES (47, 'MINISTERIO DA AGRICULTURA PECUARIA E ABASTECIMENTO MAPA', 'ATIVO', null, null);
INSERT INTO pat_mobiliario.tb_concedente (coc_id, coc_nome, coc_situacao, coc_tipo, coc_cpf_cnpj) VALUES (48, 'MINISTERIO DA AGRICULTURA,PECUARIA E ABASTECIMENTO MAPA', 'ATIVO', null, null);
INSERT INTO pat_mobiliario.tb_concedente (coc_id, coc_nome, coc_situacao, coc_tipo, coc_cpf_cnpj) VALUES (49, 'MINISTERIO DA CULTURA/SECRETARIA DO AUDIO VISUAL', 'ATIVO', null, null);
INSERT INTO pat_mobiliario.tb_concedente (coc_id, coc_nome, coc_situacao, coc_tipo, coc_cpf_cnpj) VALUES (50, 'MINISTERIO DE AGRICULTURA , ECUARIA E ABASTECIMENTO MAPA', 'ATIVO', null, null);
INSERT INTO pat_mobiliario.tb_concedente (coc_id, coc_nome, coc_situacao, coc_tipo, coc_cpf_cnpj) VALUES (51, 'Ministerio de Cultura/Secretaria do Audio Visual', 'ATIVO', null, null);
INSERT INTO pat_mobiliario.tb_concedente (coc_id, coc_nome, coc_situacao, coc_tipo, coc_cpf_cnpj) VALUES (52, 'MINISTERIO DE DESENVOLVIMENTO SOCIAL E COMBATE A FOME', 'ATIVO', null, null);
INSERT INTO pat_mobiliario.tb_concedente (coc_id, coc_nome, coc_situacao, coc_tipo, coc_cpf_cnpj) VALUES (53, 'MINISTERIO DESENVOLVIMENTO AGRARIO - MDA', 'ATIVO', null, null);
INSERT INTO pat_mobiliario.tb_concedente (coc_id, coc_nome, coc_situacao, coc_tipo, coc_cpf_cnpj) VALUES (54, 'MINISTERIO DESENVOLVIMENTO AGRARIO- MDA', 'ATIVO', null, null);
INSERT INTO pat_mobiliario.tb_concedente (coc_id, coc_nome, coc_situacao, coc_tipo, coc_cpf_cnpj) VALUES (55, 'MINISTERIO DESENVOLVIMENTO AGRARIO -MDA', 'ATIVO', null, null);
INSERT INTO pat_mobiliario.tb_concedente (coc_id, coc_nome, coc_situacao, coc_tipo, coc_cpf_cnpj) VALUES (56, 'MINISTÉRIO DO DESENVOLVIMENTO SOCIAL E AGRARIO', 'ATIVO', null, null);
INSERT INTO pat_mobiliario.tb_concedente (coc_id, coc_nome, coc_situacao, coc_tipo, coc_cpf_cnpj) VALUES (57, 'MINISTERIO DO DESENVOLVIMENTO SOCIAL E COMBATE A FOME', 'ATIVO', null, null);
INSERT INTO pat_mobiliario.tb_concedente (coc_id, coc_nome, coc_situacao, coc_tipo, coc_cpf_cnpj) VALUES (58, 'Ministério do Desenvolvimento Social e Combate à Fome', 'ATIVO', null, null);
INSERT INTO pat_mobiliario.tb_concedente (coc_id, coc_nome, coc_situacao, coc_tipo, coc_cpf_cnpj) VALUES (59, 'MORENA COMERCIO & SERVIÇO LTDA EPP ', 'ATIVO', null, null);
INSERT INTO pat_mobiliario.tb_concedente (coc_id, coc_nome, coc_situacao, coc_tipo, coc_cpf_cnpj) VALUES (60, 'MTE', 'ATIVO', null, null);
INSERT INTO pat_mobiliario.tb_concedente (coc_id, coc_nome, coc_situacao, coc_tipo, coc_cpf_cnpj) VALUES (61, 'NEWPC TECNOLOGIA EIRELI - ME', 'ATIVO', null, null);
INSERT INTO pat_mobiliario.tb_concedente (coc_id, coc_nome, coc_situacao, coc_tipo, coc_cpf_cnpj) VALUES (62, 'PAC EMBRAPA', 'ATIVO', null, null);
INSERT INTO pat_mobiliario.tb_concedente (coc_id, coc_nome, coc_situacao, coc_tipo, coc_cpf_cnpj) VALUES (63, 'SAF', 'ATIVO', null, null);
INSERT INTO pat_mobiliario.tb_concedente (coc_id, coc_nome, coc_situacao, coc_tipo, coc_cpf_cnpj) VALUES (64, 'SEAD', 'ATIVO', null, null);
INSERT INTO pat_mobiliario.tb_concedente (coc_id, coc_nome, coc_situacao, coc_tipo, coc_cpf_cnpj) VALUES (65, 'SEAD/MDA', 'ATIVO', null, null);
INSERT INTO pat_mobiliario.tb_concedente (coc_id, coc_nome, coc_situacao, coc_tipo, coc_cpf_cnpj) VALUES (66, 'SECRETARIA DE ESTADO DE DIREITOS HUMANOS, ASSISTENCIA SOCIAL E TRABALHO ', 'ATIVO', null, null);
INSERT INTO pat_mobiliario.tb_concedente (coc_id, coc_nome, coc_situacao, coc_tipo, coc_cpf_cnpj) VALUES (67, 'SECRETARIA NACIONAL DA JUVENTUDE/PR', 'ATIVO', null, null);
INSERT INTO pat_mobiliario.tb_concedente (coc_id, coc_nome, coc_situacao, coc_tipo, coc_cpf_cnpj) VALUES (68, 'SECRETARIA NACIONAL DE JUVENTUDE DA PRESIDÊNCIA DA REPÚBLICA', 'ATIVO', null, null);
INSERT INTO pat_mobiliario.tb_concedente (coc_id, coc_nome, coc_situacao, coc_tipo, coc_cpf_cnpj) VALUES (69, 'SECRETARIA NACIONAL DE JUVENTUDE/PR', 'ATIVO', null, null);
INSERT INTO pat_mobiliario.tb_concedente (coc_id, coc_nome, coc_situacao, coc_tipo, coc_cpf_cnpj) VALUES (70, 'SECRETARIA NACIONAL DO CONSUMIDOR - SENACO', 'ATIVO', null, null);
INSERT INTO pat_mobiliario.tb_concedente (coc_id, coc_nome, coc_situacao, coc_tipo, coc_cpf_cnpj) VALUES (71, 'SECRETARIA NACIONAL DO CONSUMIDOR/MJ', 'ATIVO', null, null);
INSERT INTO pat_mobiliario.tb_concedente (coc_id, coc_nome, coc_situacao, coc_tipo, coc_cpf_cnpj) VALUES (72, 'SELETA SOCIEDADE CARITATIVA E HUMANITÁRIA QUADRO DE NAVIRAÍ', 'ATIVO', null, null);
INSERT INTO pat_mobiliario.tb_concedente (coc_id, coc_nome, coc_situacao, coc_tipo, coc_cpf_cnpj) VALUES (73, 'SENAD', 'ATIVO', null, null);
INSERT INTO pat_mobiliario.tb_concedente (coc_id, coc_nome, coc_situacao, coc_tipo, coc_cpf_cnpj) VALUES (74, 'SENAES', 'ATIVO', null, null);
INSERT INTO pat_mobiliario.tb_concedente (coc_id, coc_nome, coc_situacao, coc_tipo, coc_cpf_cnpj) VALUES (75, 'SENASP', 'ATIVO', null, null);
INSERT INTO pat_mobiliario.tb_concedente (coc_id, coc_nome, coc_situacao, coc_tipo, coc_cpf_cnpj) VALUES (76, 'sfa', 'ATIVO', null, null);
INSERT INTO pat_mobiliario.tb_concedente (coc_id, coc_nome, coc_situacao, coc_tipo, coc_cpf_cnpj) VALUES (77, 'SNC/MJ', 'ATIVO', null, null);
INSERT INTO pat_mobiliario.tb_concedente (coc_id, coc_nome, coc_situacao, coc_tipo, coc_cpf_cnpj) VALUES (78, 'Sociedade Assistencial MEIMEI', 'ATIVO', null, null);
INSERT INTO pat_mobiliario.tb_concedente (coc_id, coc_nome, coc_situacao, coc_tipo, coc_cpf_cnpj) VALUES (79, 'SUDECO', 'ATIVO', null, null);
INSERT INTO pat_mobiliario.tb_concedente (coc_id, coc_nome, coc_situacao, coc_tipo, coc_cpf_cnpj) VALUES (80, 'SUDECO 759980/2011', 'ATIVO', null, null);
INSERT INTO pat_mobiliario.tb_concedente (coc_id, coc_nome, coc_situacao, coc_tipo, coc_cpf_cnpj) VALUES (81, 'toyota do brasil ltda', 'ATIVO', null, null);
INSERT INTO pat_mobiliario.tb_concedente (coc_id, coc_nome, coc_situacao, coc_tipo, coc_cpf_cnpj) VALUES (82, 'TRIBUNAL DE JUSTIÇA DE MS', 'ATIVO', null, null);
INSERT INTO pat_mobiliario.tb_concedente (coc_id, coc_nome, coc_situacao, coc_tipo, coc_cpf_cnpj) VALUES (83, 'Não Informado', 'INATIVO', 'FISICA', null);
INSERT INTO pat_mobiliario.tb_concedente (coc_id, coc_nome, coc_situacao, coc_tipo, coc_cpf_cnpj) VALUES (84, 'FUNDAÇÂO BANCO DO BRASIL', 'ATIVO', 'JURIDICA', '01.641.000/0001-33');
INSERT INTO pat_mobiliario.tb_concedente (coc_id, coc_nome, coc_situacao, coc_tipo, coc_cpf_cnpj) VALUES (85, 'MINISTÈRIO DO TURISMO', 'ATIVO', 'JURIDICA', '05.457.283/0002-08');
INSERT INTO pat_mobiliario.tb_concedente (coc_id, coc_nome, coc_situacao, coc_tipo, coc_cpf_cnpj) VALUES (86, 'Secretaria de Estado de Trabalho, Assistência Social e Economia Solidária - SETASS', 'ATIVO', 'JURIDICA', '04.150.335/0001-47');
INSERT INTO pat_mobiliario.tb_concedente (coc_id, coc_nome, coc_situacao, coc_tipo, coc_cpf_cnpj) VALUES (87, 'Ministério de Meio Ambiente – Programa Zoneamento Ecológico-Econômico de MS', 'ATIVO', 'JURIDICA', '37.115.375/0001-07');
INSERT INTO pat_mobiliario.tb_concedente (coc_id, coc_nome, coc_situacao, coc_tipo, coc_cpf_cnpj) VALUES (88, 'Ministério de Meio Ambiente - Programa Pantanal ', 'ATIVO', 'JURIDICA', '37.115.375/0002-98');
INSERT INTO pat_mobiliario.tb_concedente (coc_id, coc_nome, coc_situacao, coc_tipo, coc_cpf_cnpj) VALUES (89, 'Agência Nacional de Águas - ANA', 'ATIVO', 'JURIDICA', '04.204.444/0001-08');
INSERT INTO pat_mobiliario.tb_concedente (coc_id, coc_nome, coc_situacao, coc_tipo, coc_cpf_cnpj) VALUES (90, 'Ministério da Saúde', 'ATIVO', 'JURIDICA', '00.394.544/0002-66');
INSERT INTO pat_mobiliario.tb_concedente (coc_id, coc_nome, coc_situacao, coc_tipo, coc_cpf_cnpj) VALUES (91, ' Ministério da Educação - MEC', 'ATIVO', 'JURIDICA', '00.394.445/0139-39');
INSERT INTO pat_mobiliario.tb_concedente (coc_id, coc_nome, coc_situacao, coc_tipo, coc_cpf_cnpj) VALUES (92, 'Agencia Nacional de Aguas - ANA / CAIXA', 'ATIVO', 'JURIDICA', '00.360.305/0001-04');
INSERT INTO pat_mobiliario.tb_concedente (coc_id, coc_nome, coc_situacao, coc_tipo, coc_cpf_cnpj) VALUES (93, 'Petrobras', 'ATIVO', 'JURIDICA', '33.000.167/0001-01');
INSERT INTO pat_mobiliario.tb_concedente (coc_id, coc_nome, coc_situacao, coc_tipo, coc_cpf_cnpj) VALUES (94, 'Secretaria Especial de Políticas para as Mulheres', 'ATIVO', 'JURIDICA', '05.510.958/0001-46');
INSERT INTO pat_mobiliario.tb_concedente (coc_id, coc_nome, coc_situacao, coc_tipo, coc_cpf_cnpj) VALUES (95, 'MINISTÉRIO DOS DIREITOS HUMANOS', 'ATIVO', 'JURIDICA', '27.136.980/0002-91');
INSERT INTO pat_mobiliario.tb_concedente (coc_id, coc_nome, coc_situacao, coc_tipo, coc_cpf_cnpj) VALUES (96, 'FUNPES - Fundo Penitenciário do Estado do Mato Grosso do Sul', 'ATIVO', 'JURIDICA', '26.242.393/0001-33');
INSERT INTO pat_mobiliario.tb_concedente (coc_id, coc_nome, coc_situacao, coc_tipo, coc_cpf_cnpj) VALUES (97, 'IBAMA - INSTITUTO BRASILEIRO MEIO AMBIENTE E DOS RECURSOS NATURAIS RENOVÁVEIS ', 'ATIVO', 'JURIDICA', '03.659.166/0001-02');
INSERT INTO pat_mobiliario.tb_concedente (coc_id, coc_nome, coc_situacao, coc_tipo, coc_cpf_cnpj) VALUES (98, 'SINDICATO DAS CONCESSIONÁRIAS DE VEÍCULOS AUTOMOTORES DO ESTADO DO MS - SINCOVEMS', 'ATIVO', 'JURIDICA', '33.152.349/0001-06');
INSERT INTO pat_mobiliario.tb_concedente (coc_id, coc_nome, coc_situacao, coc_tipo, coc_cpf_cnpj) VALUES (99, 'Secretaria de Direitos Humanos Previdência da República', 'ATIVO', 'JURIDICA', '05.478.625/0001-87');
INSERT INTO pat_mobiliario.tb_concedente (coc_id, coc_nome, coc_situacao, coc_tipo, coc_cpf_cnpj) VALUES (100, 'Ministério Publico Estadual', 'ATIVO', 'JURIDICA', '03.983.541/0001-75');
INSERT INTO pat_mobiliario.tb_concedente (coc_id, coc_nome, coc_situacao, coc_tipo, coc_cpf_cnpj) VALUES (101, 'INEP-INSTITUTO NACIONAL ESTUDOS E PESQUISAS', 'ATIVO', 'JURIDICA', '01.678.363/0001-43');
ALTER SEQUENCE pat_mobiliario.seq_concedente RESTART WITH 102;


INSERT INTO pat_mobiliario.tb_convenio (co_id, co_dthr_inicio, co_dthr_fim, co_numero,co_nome,co_situacao, co_fonte_recurso, coc_id, co_tipo) VALUES (1, '2014-01-02 00:00:00.000', '2020-12-30 00:00:00.000', '792776','Caixa','ATIVO', '281020007',34, 'CONVENIO');
INSERT INTO pat_mobiliario.tb_convenio (co_id, co_dthr_inicio, co_dthr_fim, co_numero,co_nome,co_situacao, co_fonte_recurso, coc_id, co_tipo) VALUES (2, '2016-12-30 00:00:00.000', '2017-09-30 00:00:00.000', '825029/2015/MDA/CAIXA','Caixa','ATIVO', '281180009',54, 'CONVENIO');
INSERT INTO pat_mobiliario.tb_convenio (co_id, co_dthr_inicio, co_dthr_fim, co_numero,co_nome,co_situacao, co_fonte_recurso, coc_id, co_tipo) VALUES (3, '2015-12-30 00:00:00.000', '2017-09-30 00:00:00.000', '825029/2015/MDA/CAIXA','Caixa','ATIVO', '281180009',55, 'CONVENIO');
INSERT INTO pat_mobiliario.tb_convenio (co_id, co_dthr_inicio, co_dthr_fim, co_numero,co_nome,co_situacao, co_fonte_recurso, coc_id, co_tipo) VALUES (4, '2015-12-30 00:00:00.000', '2017-09-30 00:00:00.000', '825029/2015/MDA/CAIXA','Caixa','ATIVO', '281180009',53, 'CONVENIO');
INSERT INTO pat_mobiliario.tb_convenio (co_id, co_dthr_inicio, co_dthr_fim, co_numero,co_nome,co_situacao, co_fonte_recurso, coc_id, co_tipo) VALUES (5, '2016-12-30 00:00:00.000', '2017-11-22 00:00:00.000', '027127/MDA/AGRAER','Caixa','ATIVO', '281180014',38, 'CONVENIO');
INSERT INTO pat_mobiliario.tb_convenio (co_id, co_dthr_inicio, co_dthr_fim, co_numero,co_nome,co_situacao, co_fonte_recurso, coc_id, co_tipo) VALUES (6, '2015-12-30 00:00:00.000', '2017-09-30 00:00:00.000', '819168/2015','Caixa','ATIVO', '12345',38, 'CONVENIO');
INSERT INTO pat_mobiliario.tb_convenio (co_id, co_dthr_inicio, co_dthr_fim, co_numero,co_nome,co_situacao, co_fonte_recurso, coc_id, co_tipo) VALUES (7, '2015-12-30 00:00:00.000', '2017-09-30 00:00:00.000', '819168/2015','Caixa','ATIVO', '281180010',38, 'CONVENIO');
INSERT INTO pat_mobiliario.tb_convenio (co_id, co_dthr_inicio, co_dthr_fim, co_numero,co_nome,co_situacao, co_fonte_recurso, coc_id, co_tipo) VALUES (8, '2016-12-30 00:00:00.000', '2017-11-22 00:00:00.000', '839169/2016','Caixa','ATIVO', '281180014',64, 'CONVENIO');
INSERT INTO pat_mobiliario.tb_convenio (co_id, co_dthr_inicio, co_dthr_fim, co_numero,co_nome,co_situacao, co_fonte_recurso, coc_id, co_tipo) VALUES (9, '2015-12-31 00:00:00.000', '2018-06-17 00:00:00.000', '817469/2015','Caixa','ATIVO', '281210009',79, 'CONVENIO');
INSERT INTO pat_mobiliario.tb_convenio (co_id, co_dthr_inicio, co_dthr_fim, co_numero,co_nome,co_situacao, co_fonte_recurso, coc_id, co_tipo) VALUES (10, '2015-12-31 00:00:00.000', '2018-06-17 00:00:00.000', '817469/2015','Caixa','ATIVO', '281210009',42, 'CONVENIO');
INSERT INTO pat_mobiliario.tb_convenio (co_id, co_dthr_inicio, co_dthr_fim, co_numero,co_nome,co_situacao, co_fonte_recurso, coc_id, co_tipo) VALUES (11, '2015-12-31 00:00:00.000', '2018-06-17 00:00:00.000', '817469/2015','Caixa','ATIVO', '281210009',41, 'CONVENIO');
INSERT INTO pat_mobiliario.tb_convenio (co_id, co_dthr_inicio, co_dthr_fim, co_numero,co_nome,co_situacao, co_fonte_recurso, coc_id, co_tipo) VALUES (12, '2016-06-01 00:00:00.000', '2020-09-30 00:00:00.000', '833774','Caixa','ATIVO', '0281020007',46, 'CONVENIO');
INSERT INTO pat_mobiliario.tb_convenio (co_id, co_dthr_inicio, co_dthr_fim, co_numero,co_nome,co_situacao, co_fonte_recurso, coc_id, co_tipo) VALUES (13, '2016-06-01 00:00:00.000', '2022-09-30 00:00:00.000', '833774','Caixa','ATIVO', '0281002007',45, 'CONVENIO');
INSERT INTO pat_mobiliario.tb_convenio (co_id, co_dthr_inicio, co_dthr_fim, co_numero,co_nome,co_situacao, co_fonte_recurso, coc_id, co_tipo) VALUES (14, '2012-12-31 00:00:00.000', '2018-10-30 00:00:00.000', '780970/2012','Caixa','ATIVO', '12345',34, 'CONVENIO');
INSERT INTO pat_mobiliario.tb_convenio (co_id, co_dthr_inicio, co_dthr_fim, co_numero,co_nome,co_situacao, co_fonte_recurso, coc_id, co_tipo) VALUES (15, '2016-06-01 00:00:00.000', '2022-09-30 00:00:00.000', '833774','Caixa','ATIVO', '0281002007',44, 'CONVENIO');
INSERT INTO pat_mobiliario.tb_convenio (co_id, co_dthr_inicio, co_dthr_fim, co_numero,co_nome,co_situacao, co_fonte_recurso, coc_id, co_tipo) VALUES (16, '2016-06-01 00:00:00.000', '2022-09-30 00:00:00.000', '833774','Caixa','ATIVO', '0281002007',50, 'CONVENIO');
INSERT INTO pat_mobiliario.tb_convenio (co_id, co_dthr_inicio, co_dthr_fim, co_numero,co_nome,co_situacao, co_fonte_recurso, coc_id, co_tipo) VALUES (17, '2016-09-01 00:00:00.000', '2022-09-30 00:00:00.000', '833774','Caixa','INATIVO', '0281002007',46, 'CONVENIO');
INSERT INTO pat_mobiliario.tb_convenio (co_id, co_dthr_inicio, co_dthr_fim, co_numero,co_nome,co_situacao, co_fonte_recurso, coc_id, co_tipo) VALUES (18, '2016-07-01 00:00:00.000', '2022-09-30 00:00:00.000', '833774','Caixa','ATIVO', '0281002007',47, 'CONVENIO');
INSERT INTO pat_mobiliario.tb_convenio (co_id, co_dthr_inicio, co_dthr_fim, co_numero,co_nome,co_situacao, co_fonte_recurso, coc_id, co_tipo) VALUES (19, '2016-09-01 00:00:00.000', '2022-09-30 00:00:00.000', '833774','Caixa','ATIVO', '0281002007',43, 'CONVENIO');
INSERT INTO pat_mobiliario.tb_convenio (co_id, co_dthr_inicio, co_dthr_fim, co_numero,co_nome,co_situacao, co_fonte_recurso, coc_id, co_tipo) VALUES (20, '2016-09-01 00:00:00.000', '2020-09-30 00:00:00.000', '833774/2016','Caixa','ATIVO', '0281020007',48, 'CONVENIO');
INSERT INTO pat_mobiliario.tb_convenio (co_id, co_dthr_inicio, co_dthr_fim, co_numero,co_nome,co_situacao, co_fonte_recurso, coc_id, co_tipo) VALUES (21, '2010-03-29 00:00:00.000', '2018-03-29 00:00:00.000', '0110010400','Caixa','ATIVO', '0172024304',18, 'CONVENIO');
INSERT INTO pat_mobiliario.tb_convenio (co_id, co_dthr_inicio, co_dthr_fim, co_numero,co_nome,co_situacao, co_fonte_recurso, coc_id, co_tipo) VALUES (22, '2010-03-29 00:00:00.000', '2018-03-29 00:00:00.000', '0110010400','Caixa','ATIVO', '0172024304',18, 'CONVENIO');
INSERT INTO pat_mobiliario.tb_convenio (co_id, co_dthr_inicio, co_dthr_fim, co_numero,co_nome,co_situacao, co_fonte_recurso, coc_id, co_tipo) VALUES (23, '2009-12-23 00:00:00.000', '2017-12-31 00:00:00.000', '723539/2009','Caixa','ATIVO', '281020006',62, 'CONVENIO');
INSERT INTO pat_mobiliario.tb_convenio (co_id, co_dthr_inicio, co_dthr_fim, co_numero,co_nome,co_situacao, co_fonte_recurso, coc_id, co_tipo) VALUES (24, '2009-12-23 00:00:00.000', '2017-12-31 00:00:00.000', '723539/2009','Caixa','ATIVO', '281020006',62, 'CONVENIO');
INSERT INTO pat_mobiliario.tb_convenio (co_id, co_dthr_inicio, co_dthr_fim, co_numero,co_nome,co_situacao, co_fonte_recurso, coc_id, co_tipo) VALUES (25, '2012-11-27 00:00:00.000', '2018-05-30 00:00:00.000', '781959','Caixa','ATIVO', '281020003',34, 'CONVENIO');
INSERT INTO pat_mobiliario.tb_convenio (co_id, co_dthr_inicio, co_dthr_fim, co_numero,co_nome,co_situacao, co_fonte_recurso, coc_id, co_tipo) VALUES (26, '2012-12-27 00:00:00.000', '2018-05-30 00:00:00.000', '781953/2012','Caixa','ATIVO', '281020002',34, 'CONVENIO');
INSERT INTO pat_mobiliario.tb_convenio (co_id, co_dthr_inicio, co_dthr_fim, co_numero,co_nome,co_situacao, co_fonte_recurso, coc_id, co_tipo) VALUES (27, '2015-12-31 00:00:00.000', '2018-06-17 00:00:00.000', '817469/2015','Caixa','ATIVO', '281210009',79, 'CONVENIO');
INSERT INTO pat_mobiliario.tb_convenio (co_id, co_dthr_inicio, co_dthr_fim, co_numero,co_nome,co_situacao, co_fonte_recurso, coc_id, co_tipo) VALUES (28, '2016-12-30 00:00:00.000', '2017-11-22 00:00:00.000', '839169/2016','Caixa','ATIVO', '281180014',63, 'CONVENIO');
INSERT INTO pat_mobiliario.tb_convenio (co_id, co_dthr_inicio, co_dthr_fim, co_numero,co_nome,co_situacao, co_fonte_recurso, coc_id, co_tipo) VALUES (29, '2016-12-30 00:00:00.000', '2017-11-22 00:00:00.000', '839169/2016','Caixa','ATIVO', '281180014',63, 'CONVENIO');
INSERT INTO pat_mobiliario.tb_convenio (co_id, co_dthr_inicio, co_dthr_fim, co_numero,co_nome,co_situacao, co_fonte_recurso, coc_id, co_tipo) VALUES (30, '2016-12-30 00:00:00.000', '2017-11-22 00:00:00.000', '839169/2016','Caixa','ATIVO', '281180014',63, 'CONVENIO');
INSERT INTO pat_mobiliario.tb_convenio (co_id, co_dthr_inicio, co_dthr_fim, co_numero,co_nome,co_situacao, co_fonte_recurso, coc_id, co_tipo) VALUES (31, '2016-12-30 00:00:00.000', '2017-11-22 00:00:00.000', '839169/2016','Caixa','ATIVO', '281180014',38, 'CONVENIO');
INSERT INTO pat_mobiliario.tb_convenio (co_id, co_dthr_inicio, co_dthr_fim, co_numero,co_nome,co_situacao, co_fonte_recurso, coc_id, co_tipo) VALUES (32, '2010-03-29 00:00:00.000', '2018-03-29 00:00:00.000', '0110010400','Caixa','ATIVO', '0172024304',18, 'CONVENIO');
INSERT INTO pat_mobiliario.tb_convenio (co_id, co_dthr_inicio, co_dthr_fim, co_numero,co_nome,co_situacao, co_fonte_recurso, coc_id, co_tipo) VALUES (33, '2010-03-29 00:00:00.000', '2018-03-29 00:00:00.000', '0110010400','Caixa','ATIVO', '0172024304',18, 'CONVENIO');
INSERT INTO pat_mobiliario.tb_convenio (co_id, co_dthr_inicio, co_dthr_fim, co_numero,co_nome,co_situacao, co_fonte_recurso, coc_id, co_tipo) VALUES (34, '2010-03-29 00:00:00.000', '2018-03-29 00:00:00.000', '0110010400','Caixa','ATIVO', '0172024304',18, 'CONVENIO');
INSERT INTO pat_mobiliario.tb_convenio (co_id, co_dthr_inicio, co_dthr_fim, co_numero,co_nome,co_situacao, co_fonte_recurso, coc_id, co_tipo) VALUES (35, '2017-03-29 00:00:00.000', '2018-03-29 00:00:00.000', '0110010400','Caixa','ATIVO', '0172024304',18, 'CONVENIO');
INSERT INTO pat_mobiliario.tb_convenio (co_id, co_dthr_inicio, co_dthr_fim, co_numero,co_nome,co_situacao, co_fonte_recurso, coc_id, co_tipo) VALUES (36, '2010-03-29 00:00:00.000', '2018-03-29 00:00:00.000', '0110010400','Caixa','ATIVO', '0172024304',18, 'CONVENIO');
INSERT INTO pat_mobiliario.tb_convenio (co_id, co_dthr_inicio, co_dthr_fim, co_numero,co_nome,co_situacao, co_fonte_recurso, coc_id, co_tipo) VALUES (37, '2013-12-30 00:00:00.000', '2018-03-30 00:00:00.000', '796083','Caixa','ATIVO', '281180007',38, 'CONVENIO');
INSERT INTO pat_mobiliario.tb_convenio (co_id, co_dthr_inicio, co_dthr_fim, co_numero,co_nome,co_situacao, co_fonte_recurso, coc_id, co_tipo) VALUES (38, '2011-12-23 00:00:00.000', '2017-12-31 00:00:00.000', '761919/2011','Caixa','ATIVO', '281180006',38, 'CONVENIO');
INSERT INTO pat_mobiliario.tb_convenio (co_id, co_dthr_inicio, co_dthr_fim, co_numero,co_nome,co_situacao, co_fonte_recurso, coc_id, co_tipo) VALUES (39, '2011-12-23 00:00:00.000', '2017-12-31 00:00:00.000', '761919/2011','Caixa','ATIVO', '281180006',38, 'CONVENIO');
INSERT INTO pat_mobiliario.tb_convenio (co_id, co_dthr_inicio, co_dthr_fim, co_numero,co_nome,co_situacao, co_fonte_recurso, coc_id, co_tipo) VALUES (40, '2010-03-29 00:00:00.000', '2018-03-29 00:00:00.000', '0110010400','Caixa','ATIVO', '0172024304',18, 'CONVENIO');
INSERT INTO pat_mobiliario.tb_convenio (co_id, co_dthr_inicio, co_dthr_fim, co_numero,co_nome,co_situacao, co_fonte_recurso, coc_id, co_tipo) VALUES (41, '2010-03-29 00:00:00.000', '2018-03-29 00:00:00.000', '0110010400','Caixa','ATIVO', '0172024304',18, 'CONVENIO');
INSERT INTO pat_mobiliario.tb_convenio (co_id, co_dthr_inicio, co_dthr_fim, co_numero,co_nome,co_situacao, co_fonte_recurso, coc_id, co_tipo) VALUES (42, '2015-12-01 00:00:00.000', '2017-12-31 00:00:00.000', '22452','Caixa','ATIVO', '0281050001',12, 'CONVENIO');
INSERT INTO pat_mobiliario.tb_convenio (co_id, co_dthr_inicio, co_dthr_fim, co_numero,co_nome,co_situacao, co_fonte_recurso, coc_id, co_tipo) VALUES (43, '2015-12-01 00:00:00.000', '2017-12-31 00:00:00.000', '22452','Caixa','ATIVO', '0281050001',13, 'CONVENIO');
INSERT INTO pat_mobiliario.tb_convenio (co_id, co_dthr_inicio, co_dthr_fim, co_numero,co_nome,co_situacao, co_fonte_recurso, coc_id, co_tipo) VALUES (44, '2015-12-01 00:00:00.000', '2017-12-31 00:00:00.000', '22452','Caixa','ATIVO', '0281050001',27, 'CONVENIO');
INSERT INTO pat_mobiliario.tb_convenio (co_id, co_dthr_inicio, co_dthr_fim, co_numero,co_nome,co_situacao, co_fonte_recurso, coc_id, co_tipo) VALUES (45, '2015-12-01 00:00:00.000', '2017-12-31 00:00:00.000', '22452','Caixa','ATIVO', '0281050001',16, 'CONVENIO');
INSERT INTO pat_mobiliario.tb_convenio (co_id, co_dthr_inicio, co_dthr_fim, co_numero,co_nome,co_situacao, co_fonte_recurso, coc_id, co_tipo) VALUES (46, '2015-12-01 00:00:00.000', '2017-12-31 00:00:00.000', '22452','Caixa','ATIVO', '0281050001',2, 'CONVENIO');
INSERT INTO pat_mobiliario.tb_convenio (co_id, co_dthr_inicio, co_dthr_fim, co_numero,co_nome,co_situacao, co_fonte_recurso, coc_id, co_tipo) VALUES (47, '2015-12-01 00:00:00.000', '2017-12-31 00:00:00.000', '22452','Caixa','ATIVO', '0281050001',17, 'CONVENIO');
INSERT INTO pat_mobiliario.tb_convenio (co_id, co_dthr_inicio, co_dthr_fim, co_numero,co_nome,co_situacao, co_fonte_recurso, coc_id, co_tipo) VALUES (48, '2015-12-01 00:00:00.000', '2017-12-31 00:00:00.000', '22452','Caixa','ATIVO', '0281050001',16, 'CONVENIO');
INSERT INTO pat_mobiliario.tb_convenio (co_id, co_dthr_inicio, co_dthr_fim, co_numero,co_nome,co_situacao, co_fonte_recurso, coc_id, co_tipo) VALUES (49, '2015-12-01 00:00:00.000', '2017-12-31 00:00:00.000', '22452','Caixa','ATIVO', '0281050001',3, 'CONVENIO');
INSERT INTO pat_mobiliario.tb_convenio (co_id, co_dthr_inicio, co_dthr_fim, co_numero,co_nome,co_situacao, co_fonte_recurso, coc_id, co_tipo) VALUES (50, '2015-12-01 00:00:00.000', '2017-12-31 00:00:00.000', '22452','Caixa','ATIVO', '0281050001',12, 'CONVENIO');
INSERT INTO pat_mobiliario.tb_convenio (co_id, co_dthr_inicio, co_dthr_fim, co_numero,co_nome,co_situacao, co_fonte_recurso, coc_id, co_tipo) VALUES (51, '2015-12-01 00:00:00.000', '2017-12-31 00:00:00.000', '22452','Caixa','ATIVO', '0281050001',33, 'CONVENIO');
INSERT INTO pat_mobiliario.tb_convenio (co_id, co_dthr_inicio, co_dthr_fim, co_numero,co_nome,co_situacao, co_fonte_recurso, coc_id, co_tipo) VALUES (52, '2015-12-01 00:00:00.000', '2017-12-31 00:00:00.000', '22452','Caixa','ATIVO', '0281050001',33, 'CONVENIO');
INSERT INTO pat_mobiliario.tb_convenio (co_id, co_dthr_inicio, co_dthr_fim, co_numero,co_nome,co_situacao, co_fonte_recurso, coc_id, co_tipo) VALUES (53, '2015-12-01 00:00:00.000', '2017-12-31 00:00:00.000', '22452','Caixa','ATIVO', '0281050001',81, 'CONVENIO');
INSERT INTO pat_mobiliario.tb_convenio (co_id, co_dthr_inicio, co_dthr_fim, co_numero,co_nome,co_situacao, co_fonte_recurso, coc_id, co_tipo) VALUES (54, '2015-10-01 00:00:00.000', '2017-12-31 00:00:00.000', '27149','Caixa','ATIVO', '0281150003',51, 'CONVENIO');
INSERT INTO pat_mobiliario.tb_convenio (co_id, co_dthr_inicio, co_dthr_fim, co_numero,co_nome,co_situacao, co_fonte_recurso, coc_id, co_tipo) VALUES (55, '2015-12-30 00:00:00.000', '2017-09-30 00:00:00.000', '825.263/2015','Caixa','ATIVO', '0281180012',40, 'CONVENIO');
INSERT INTO pat_mobiliario.tb_convenio (co_id, co_dthr_inicio, co_dthr_fim, co_numero,co_nome,co_situacao, co_fonte_recurso, coc_id, co_tipo) VALUES (56, '2011-11-18 00:00:00.000', '2018-02-28 00:00:00.000', '757670/2011','Caixa','ATIVO', '4100000000',28, 'CONVENIO');
INSERT INTO pat_mobiliario.tb_convenio (co_id, co_dthr_inicio, co_dthr_fim, co_numero,co_nome,co_situacao, co_fonte_recurso, coc_id, co_tipo) VALUES (57, '2011-11-18 00:00:00.000', '2018-02-28 00:00:00.000', '757670/2017','Caixa','ATIVO', '4100000000',28, 'CONVENIO');
INSERT INTO pat_mobiliario.tb_convenio (co_id, co_dthr_inicio, co_dthr_fim, co_numero,co_nome,co_situacao, co_fonte_recurso, coc_id, co_tipo) VALUES (58, '2011-11-18 00:00:00.000', '2018-02-28 00:00:00.000', '757670/2011','Caixa','ATIVO', '4100000000',28, 'CONVENIO');
INSERT INTO pat_mobiliario.tb_convenio (co_id, co_dthr_inicio, co_dthr_fim, co_numero,co_nome,co_situacao, co_fonte_recurso, coc_id, co_tipo) VALUES (59, '2015-12-30 00:00:00.000', '2017-09-30 00:00:00.000', '825263/2015','Caixa','ATIVO', '0281180012',39, 'CONVENIO');
INSERT INTO pat_mobiliario.tb_convenio (co_id, co_dthr_inicio, co_dthr_fim, co_numero,co_nome,co_situacao, co_fonte_recurso, coc_id, co_tipo) VALUES (60, '2015-12-30 00:00:00.000', '2017-09-30 00:00:00.000', '825263/2015','Caixa','ATIVO', '0281180012',39, 'CONVENIO');
INSERT INTO pat_mobiliario.tb_convenio (co_id, co_dthr_inicio, co_dthr_fim, co_numero,co_nome,co_situacao, co_fonte_recurso, coc_id, co_tipo) VALUES (61, '2015-12-30 00:00:00.000', '2017-09-30 00:00:00.000', '825263/2015','Caixa','ATIVO', '0281180012',39, 'CONVENIO');
INSERT INTO pat_mobiliario.tb_convenio (co_id, co_dthr_inicio, co_dthr_fim, co_numero,co_nome,co_situacao, co_fonte_recurso, coc_id, co_tipo) VALUES (62, '2015-10-01 00:00:00.000', '2017-12-31 00:00:00.000', '27149','Caixa','ATIVO', '0281150003',49, 'CONVENIO');
INSERT INTO pat_mobiliario.tb_convenio (co_id, co_dthr_inicio, co_dthr_fim, co_numero,co_nome,co_situacao, co_fonte_recurso, coc_id, co_tipo) VALUES (63, '2015-12-01 00:00:00.000', '2017-12-31 00:00:00.000', '22452','Caixa','ATIVO', '0281050001',11, 'CONVENIO');
INSERT INTO pat_mobiliario.tb_convenio (co_id, co_dthr_inicio, co_dthr_fim, co_numero,co_nome,co_situacao, co_fonte_recurso, coc_id, co_tipo) VALUES (64, '2011-12-23 00:00:00.000', '2017-12-31 00:00:00.000', '761919','Caixa','ATIVO', '281.020.003',40, 'CONVENIO');
INSERT INTO pat_mobiliario.tb_convenio (co_id, co_dthr_inicio, co_dthr_fim, co_numero,co_nome,co_situacao, co_fonte_recurso, coc_id, co_tipo) VALUES (65, '2015-12-30 00:00:00.000', '2017-09-30 00:00:00.000', '825263/2015','Caixa','ATIVO', '0281180102',7, 'CONVENIO');
INSERT INTO pat_mobiliario.tb_convenio (co_id, co_dthr_inicio, co_dthr_fim, co_numero,co_nome,co_situacao, co_fonte_recurso, coc_id, co_tipo) VALUES (66, '2010-03-29 00:00:00.000', '2018-03-29 00:00:00.000', '0110040400','Caixa','ATIVO', '0172024304',18, 'CONVENIO');
INSERT INTO pat_mobiliario.tb_convenio (co_id, co_dthr_inicio, co_dthr_fim, co_numero,co_nome,co_situacao, co_fonte_recurso, coc_id, co_tipo) VALUES (67, '2010-03-29 00:00:00.000', '2018-03-29 00:00:00.000', '0110010400','Caixa','ATIVO', '0172024304',18, 'CONVENIO');
INSERT INTO pat_mobiliario.tb_convenio (co_id, co_dthr_inicio, co_dthr_fim, co_numero,co_nome,co_situacao, co_fonte_recurso, coc_id, co_tipo) VALUES (68, '2011-11-18 00:00:00.000', '2018-02-28 00:00:00.000', '757670/2011','Caixa','ATIVO', '281180001',28, 'CONVENIO');
INSERT INTO pat_mobiliario.tb_convenio (co_id, co_dthr_inicio, co_dthr_fim, co_numero,co_nome,co_situacao, co_fonte_recurso, coc_id, co_tipo) VALUES (69, '2011-11-18 00:00:00.000', '2018-02-28 00:00:00.000', '757670/2011','Caixa','ATIVO', '281.180.001',28, 'CONVENIO');
INSERT INTO pat_mobiliario.tb_convenio (co_id, co_dthr_inicio, co_dthr_fim, co_numero,co_nome,co_situacao, co_fonte_recurso, coc_id, co_tipo) VALUES (70, '2017-12-31 00:00:00.000', '2019-12-31 00:00:00.000', '22452','Caixa','ATIVO', '0281050001',21, 'CONVENIO');
INSERT INTO pat_mobiliario.tb_convenio (co_id, co_dthr_inicio, co_dthr_fim, co_numero,co_nome,co_situacao, co_fonte_recurso, coc_id, co_tipo) VALUES (71, '2017-12-31 00:00:00.000', '2019-12-31 00:00:00.000', '22452','Caixa','ATIVO', '0281050001',21, 'CONVENIO');
INSERT INTO pat_mobiliario.tb_convenio (co_id, co_dthr_inicio, co_dthr_fim, co_numero,co_nome,co_situacao, co_fonte_recurso, coc_id, co_tipo) VALUES (72, '2016-12-29 00:00:00.000', '2019-12-29 00:00:00.000', '838234/2016','Caixa','ATIVO', '011223005',56, 'CONVENIO');
INSERT INTO pat_mobiliario.tb_convenio (co_id, co_dthr_inicio, co_dthr_fim, co_numero,co_nome,co_situacao, co_fonte_recurso, coc_id, co_tipo) VALUES (73, '2012-12-31 00:00:00.000', '2018-05-30 00:00:00.000', '781959/2012','Caixa','ATIVO', '0281020003',35, 'CONVENIO');
INSERT INTO pat_mobiliario.tb_convenio (co_id, co_dthr_inicio, co_dthr_fim, co_numero,co_nome,co_situacao, co_fonte_recurso, coc_id, co_tipo) VALUES (74, '2012-12-27 00:00:00.000', '2018-05-30 00:00:00.000', '781953/2012','Caixa','ATIVO', '281020002',34, 'CONVENIO');
INSERT INTO pat_mobiliario.tb_convenio (co_id, co_dthr_inicio, co_dthr_fim, co_numero,co_nome,co_situacao, co_fonte_recurso, coc_id, co_tipo) VALUES (75, '2016-12-31 00:00:00.000', '2018-03-26 00:00:00.000', '812667/2016','Caixa','ATIVO', '281210024',79, 'CONVENIO');
INSERT INTO pat_mobiliario.tb_convenio (co_id, co_dthr_inicio, co_dthr_fim, co_numero,co_nome,co_situacao, co_fonte_recurso, coc_id, co_tipo) VALUES (76, '2016-12-31 00:00:00.000', '2018-03-26 00:00:00.000', '842667/2016','Caixa','ATIVO', '281210024',79, 'CONVENIO');
INSERT INTO pat_mobiliario.tb_convenio (co_id, co_dthr_inicio, co_dthr_fim, co_numero,co_nome,co_situacao, co_fonte_recurso, coc_id, co_tipo) VALUES (77, '2016-12-31 00:00:00.000', '2018-03-26 00:00:00.000', '842667/2016','Caixa','ATIVO', '281210024',79, 'CONVENIO');
INSERT INTO pat_mobiliario.tb_convenio (co_id, co_dthr_inicio, co_dthr_fim, co_numero,co_nome,co_situacao, co_fonte_recurso, coc_id, co_tipo) VALUES (78, '2016-12-31 00:00:00.000', '2018-03-26 00:00:00.000', '842667/2016','Caixa','ATIVO', '281210024',79, 'CONVENIO');
INSERT INTO pat_mobiliario.tb_convenio (co_id, co_dthr_inicio, co_dthr_fim, co_numero,co_nome,co_situacao, co_fonte_recurso, coc_id, co_tipo) VALUES (79, '2016-12-31 00:00:00.000', '2018-03-26 00:00:00.000', '842667/2016','Caixa','ATIVO', '281210024',79, 'CONVENIO');
INSERT INTO pat_mobiliario.tb_convenio (co_id, co_dthr_inicio, co_dthr_fim, co_numero,co_nome,co_situacao, co_fonte_recurso, coc_id, co_tipo) VALUES (80, '2016-12-31 00:00:00.000', '2018-03-26 00:00:00.000', '842667/2016','Caixa','ATIVO', '281210024',79, 'CONVENIO');
INSERT INTO pat_mobiliario.tb_convenio (co_id, co_dthr_inicio, co_dthr_fim, co_numero,co_nome,co_situacao, co_fonte_recurso, coc_id, co_tipo) VALUES (81, '2016-12-31 00:00:00.000', '2018-03-26 00:00:00.000', '842667/2016','Caixa','ATIVO', '281210024',79, 'CONVENIO');
INSERT INTO pat_mobiliario.tb_convenio (co_id, co_dthr_inicio, co_dthr_fim, co_numero,co_nome,co_situacao, co_fonte_recurso, coc_id, co_tipo) VALUES (82, '2016-12-29 00:00:00.000', '2020-05-30 00:00:00.000', '836.900/2016','Caixa','ATIVO', '281180016',65, 'CONVENIO');
INSERT INTO pat_mobiliario.tb_convenio (co_id, co_dthr_inicio, co_dthr_fim, co_numero,co_nome,co_situacao, co_fonte_recurso, coc_id, co_tipo) VALUES (83, '2016-12-29 00:00:00.000', '2020-05-30 00:00:00.000', '836.900/2016','Caixa','ATIVO', '281180016',65, 'CONVENIO');
INSERT INTO pat_mobiliario.tb_convenio (co_id, co_dthr_inicio, co_dthr_fim, co_numero,co_nome,co_situacao, co_fonte_recurso, coc_id, co_tipo) VALUES (84, '2016-12-29 00:00:00.000', '2020-05-30 00:00:00.000', '836.900/2016','Caixa','ATIVO', '281180016',65, 'CONVENIO');
INSERT INTO pat_mobiliario.tb_convenio (co_id, co_dthr_inicio, co_dthr_fim, co_numero,co_nome,co_situacao, co_fonte_recurso, coc_id, co_tipo) VALUES (85, '2016-12-29 00:00:00.000', '2020-05-30 00:00:00.000', '836.900/2016','Caixa','ATIVO', '281180016',65, 'CONVENIO');
INSERT INTO pat_mobiliario.tb_convenio (co_id, co_dthr_inicio, co_dthr_fim, co_numero,co_nome,co_situacao, co_fonte_recurso, coc_id, co_tipo) VALUES (86, '2016-12-29 00:00:00.000', '2020-04-30 00:00:00.000', '841.202/2016','Caixa','ATIVO', '281020010',34, 'CONVENIO');
INSERT INTO pat_mobiliario.tb_convenio (co_id, co_dthr_inicio, co_dthr_fim, co_numero,co_nome,co_situacao, co_fonte_recurso, coc_id, co_tipo) VALUES (87, '2016-12-29 00:00:00.000', '2020-04-30 00:00:00.000', '841.202/2016','Caixa','ATIVO', '281020010',34, 'CONVENIO');
INSERT INTO pat_mobiliario.tb_convenio (co_id, co_dthr_inicio, co_dthr_fim, co_numero,co_nome,co_situacao, co_fonte_recurso, coc_id, co_tipo) VALUES (88, '2017-12-31 00:00:00.000', '2019-12-31 00:00:00.000', '22452','Caixa','ATIVO', '0281050001',25, 'CONVENIO');
INSERT INTO pat_mobiliario.tb_convenio (co_id, co_dthr_inicio, co_dthr_fim, co_numero,co_nome,co_situacao, co_fonte_recurso, coc_id, co_tipo) VALUES (89, '2016-12-29 00:00:00.000', '2020-05-30 00:00:00.000', '833.211/2016','Caixa','ATIVO', '281180018',64, 'CONVENIO');
INSERT INTO pat_mobiliario.tb_convenio (co_id, co_dthr_inicio, co_dthr_fim, co_numero,co_nome,co_situacao, co_fonte_recurso, coc_id, co_tipo) VALUES (90, '2016-12-29 00:00:00.000', '2020-05-30 00:00:00.000', '833.211/2016','Caixa','ATIVO', '281180018',64, 'CONVENIO');
INSERT INTO pat_mobiliario.tb_convenio (co_id, co_dthr_inicio, co_dthr_fim, co_numero,co_nome,co_situacao, co_fonte_recurso, coc_id, co_tipo) VALUES (91, '2015-12-30 00:00:00.000', '2018-06-17 00:00:00.000', '817.691/2015','Caixa','ATIVO', '281121010',79, 'CONVENIO');
INSERT INTO pat_mobiliario.tb_convenio (co_id, co_dthr_inicio, co_dthr_fim, co_numero,co_nome,co_situacao, co_fonte_recurso, coc_id, co_tipo) VALUES (92, '2015-12-31 00:00:00.000', '2018-06-17 00:00:00.000', '817.469/2015','Caixa','ATIVO', '281210009',79, 'CONVENIO');
INSERT INTO pat_mobiliario.tb_convenio (co_id, co_dthr_inicio, co_dthr_fim, co_numero,co_nome,co_situacao, co_fonte_recurso, coc_id, co_tipo) VALUES (93, '2015-12-31 00:00:00.000', '2018-06-17 00:00:00.000', '817.469/2015','Caixa','ATIVO', '281210009',79, 'CONVENIO');
INSERT INTO pat_mobiliario.tb_convenio (co_id, co_dthr_inicio, co_dthr_fim, co_numero,co_nome,co_situacao, co_fonte_recurso, coc_id, co_tipo) VALUES (94, '2016-12-29 00:00:00.000', '2020-05-30 00:00:00.000', '836.900/2016','Caixa','ATIVO', '281180016',38, 'CONVENIO');
INSERT INTO pat_mobiliario.tb_convenio (co_id, co_dthr_inicio, co_dthr_fim, co_numero,co_nome,co_situacao, co_fonte_recurso, coc_id, co_tipo) VALUES (95, '2016-12-29 00:00:00.000', '2020-05-30 00:00:00.000', '836.901/2016','Aloisio','ATIVO', '281180017',38, 'CONVENIO');
INSERT INTO pat_mobiliario.tb_convenio (co_id, co_dthr_inicio, co_dthr_fim, co_numero,co_nome,co_situacao, co_fonte_recurso, coc_id, co_tipo) VALUES (96, '2016-12-29 00:00:00.000', '2020-05-30 00:00:00.000', '836.901/2016','Aloisio','ATIVO', '281180017',38, 'CONVENIO');
INSERT INTO pat_mobiliario.tb_convenio (co_id, co_dthr_inicio, co_dthr_fim, co_numero,co_nome,co_situacao, co_fonte_recurso, coc_id, co_tipo) VALUES (97, '2016-12-29 00:00:00.000', '2020-05-30 00:00:00.000', '836.901/2016','Aloisio','ATIVO', '281180017',38, 'CONVENIO');
INSERT INTO pat_mobiliario.tb_convenio (co_id, co_dthr_inicio, co_dthr_fim, co_numero,co_nome,co_situacao, co_fonte_recurso, coc_id, co_tipo) VALUES (98, '2015-12-30 00:00:00.000', '2017-09-30 00:00:00.000', '819.168/2015','Aloisio','ATIVO', '281180010',38, 'CONVENIO');
INSERT INTO pat_mobiliario.tb_convenio (co_id, co_dthr_inicio, co_dthr_fim, co_numero,co_nome,co_situacao, co_fonte_recurso, coc_id, co_tipo) VALUES (99, '2015-12-30 00:00:00.000', '2017-09-30 00:00:00.000', '819.168/2015','Aloisio','ATIVO', '281180010',38, 'CONVENIO');
INSERT INTO pat_mobiliario.tb_convenio (co_id, co_dthr_inicio, co_dthr_fim, co_numero,co_nome,co_situacao, co_fonte_recurso, coc_id, co_tipo) VALUES (100, '2011-12-30 00:00:00.000', '2017-12-24 00:00:00.000', '759980/2011','Aloisio','ATIVO', '281210003',79, 'CONVENIO');
INSERT INTO pat_mobiliario.tb_convenio (co_id, co_dthr_inicio, co_dthr_fim, co_numero,co_nome,co_situacao, co_fonte_recurso, coc_id, co_tipo) VALUES (101, '2016-12-30 00:00:00.000', '2017-11-22 00:00:00.000', '839.169/2016','Aloisio','ATIVO', '281180014',64, 'CONVENIO');
INSERT INTO pat_mobiliario.tb_convenio (co_id, co_dthr_inicio, co_dthr_fim, co_numero,co_nome,co_situacao, co_fonte_recurso, coc_id, co_tipo) VALUES (102, '2016-12-31 00:00:00.000', '2018-03-26 00:00:00.000', '842.667/216','Aloisio','ATIVO', '281210024',79, 'CONVENIO');
INSERT INTO pat_mobiliario.tb_convenio (co_id, co_dthr_inicio, co_dthr_fim, co_numero,co_nome,co_situacao, co_fonte_recurso, coc_id, co_tipo) VALUES (103, '2016-12-29 00:00:00.000', '2020-05-30 00:00:00.000', '836.900/2016','Aloisio','ATIVO', '281180016',38, 'CONVENIO');
INSERT INTO pat_mobiliario.tb_convenio (co_id, co_dthr_inicio, co_dthr_fim, co_numero,co_nome,co_situacao, co_fonte_recurso, coc_id, co_tipo) VALUES (104, '2016-12-29 00:00:00.000', '2020-05-30 00:00:00.000', '836.901/2016','Aloisio','ATIVO', '281180017',38, 'CONVENIO');
INSERT INTO pat_mobiliario.tb_convenio (co_id, co_dthr_inicio, co_dthr_fim, co_numero,co_nome,co_situacao, co_fonte_recurso, coc_id, co_tipo) VALUES (105, '2016-12-29 00:00:00.000', '2020-04-30 00:00:00.000', '841.202/2016','Aloisio','ATIVO', '2810020010',34, 'CONVENIO');
INSERT INTO pat_mobiliario.tb_convenio (co_id, co_dthr_inicio, co_dthr_fim, co_numero,co_nome,co_situacao, co_fonte_recurso, coc_id, co_tipo) VALUES (106, '2015-12-31 00:00:00.000', '2018-06-17 00:00:00.000', '817.469/2015','Aloisio','ATIVO', '281210009',79, 'CONVENIO');
INSERT INTO pat_mobiliario.tb_convenio (co_id, co_dthr_inicio, co_dthr_fim, co_numero,co_nome,co_situacao, co_fonte_recurso, coc_id, co_tipo) VALUES (107, '2018-07-02 00:00:00.000', '2018-12-14 00:00:00.000', '12/2016','Aloisio','ATIVO', '0112230005',66, 'CONVENIO');
INSERT INTO pat_mobiliario.tb_convenio (co_id, co_dthr_inicio, co_dthr_fim, co_numero,co_nome,co_situacao, co_fonte_recurso, coc_id, co_tipo) VALUES (108, '2018-07-02 00:00:00.000', '2018-07-18 00:00:00.000', '12/2016','Aloisio','ATIVO', '0112230005',66, 'CONVENIO');
INSERT INTO pat_mobiliario.tb_convenio (co_id, co_dthr_inicio, co_dthr_fim, co_numero,co_nome,co_situacao, co_fonte_recurso, coc_id, co_tipo) VALUES (109, '2017-12-31 00:00:00.000', '2019-12-31 00:00:00.000', '22452','Aloisio','ATIVO', '0281050001',5, 'CONVENIO');
INSERT INTO pat_mobiliario.tb_convenio (co_id, co_dthr_inicio, co_dthr_fim, co_numero,co_nome,co_situacao, co_fonte_recurso, coc_id, co_tipo) VALUES (110, '2015-12-30 00:00:00.000', '2017-09-30 00:00:00.000', '819.168.2015','Aloisio','ATIVO', '0281180010',40, 'CONVENIO');
INSERT INTO pat_mobiliario.tb_convenio (co_id, co_dthr_inicio, co_dthr_fim, co_numero,co_nome,co_situacao, co_fonte_recurso, coc_id, co_tipo) VALUES (111, '2016-12-29 00:00:00.000', '2020-05-30 00:00:00.000', '836.901.2016','Aloisio','ATIVO', '0281180017',40, 'CONVENIO');
INSERT INTO pat_mobiliario.tb_convenio (co_id, co_dthr_inicio, co_dthr_fim, co_numero,co_nome,co_situacao, co_fonte_recurso, coc_id, co_tipo) VALUES (112, '2016-12-29 00:00:00.000', '2020-05-30 00:00:00.000', '836.900.2016','Aloisio','ATIVO', '0281180016',40, 'CONVENIO');
INSERT INTO pat_mobiliario.tb_convenio (co_id, co_dthr_inicio, co_dthr_fim, co_numero,co_nome,co_situacao, co_fonte_recurso, coc_id, co_tipo) VALUES (113, '2015-12-30 00:00:00.000', '2017-09-30 00:00:00.000', '825.263/2015','Aloisio','ATIVO', '0281180012',40, 'CONVENIO');
INSERT INTO pat_mobiliario.tb_convenio (co_id, co_dthr_inicio, co_dthr_fim, co_numero,co_nome,co_situacao, co_fonte_recurso, coc_id, co_tipo) VALUES (114, '2017-12-31 00:00:00.000', '2019-12-31 00:00:00.000', '22452','Aloisio','ATIVO', '0281050001',30, 'CONVENIO');
INSERT INTO pat_mobiliario.tb_convenio (co_id, co_dthr_inicio, co_dthr_fim, co_numero,co_nome,co_situacao, co_fonte_recurso, coc_id, co_tipo) VALUES (115, '2017-12-31 00:00:00.000', '2019-12-31 00:00:00.000', '22452','Aloisio','ATIVO', '0281050001',30, 'CONVENIO');
INSERT INTO pat_mobiliario.tb_convenio (co_id, co_dthr_inicio, co_dthr_fim, co_numero,co_nome,co_situacao, co_fonte_recurso, coc_id, co_tipo) VALUES (116, '2017-12-01 00:00:00.000', '2019-12-31 00:00:00.000', '22452','Aloisio','ATIVO', '0281050001',26, 'CONVENIO');
INSERT INTO pat_mobiliario.tb_convenio (co_id, co_dthr_inicio, co_dthr_fim, co_numero,co_nome,co_situacao, co_fonte_recurso, coc_id, co_tipo) VALUES (117, null, null, 'Não Informado','Aloisio','ATIVO', 'Não Informado',83, 'CONVENIO');
INSERT INTO pat_mobiliario.tb_convenio (co_id, co_dthr_inicio, co_dthr_fim, co_numero,co_nome,co_situacao, co_fonte_recurso, coc_id, co_tipo) VALUES (118, '2018-07-02 00:00:00.000', '2018-10-23 00:00:00.000', '012/2016','Aloisio','ATIVO', '0112230005',55, 'CONVENIO');
INSERT INTO pat_mobiliario.tb_convenio (co_id, co_dthr_inicio, co_dthr_fim, co_numero,co_nome,co_situacao, co_fonte_recurso, coc_id, co_tipo) VALUES (119, '2015-12-30 00:00:00.000', '2018-06-17 00:00:00.000', '817.691/2015','Aloisio','ATIVO', '0281210010',42, 'CONVENIO');
INSERT INTO pat_mobiliario.tb_convenio (co_id, co_dthr_inicio, co_dthr_fim, co_numero,co_nome,co_situacao, co_fonte_recurso, coc_id, co_tipo) VALUES (120, '2018-07-02 00:00:00.000', '2019-12-26 00:00:00.000', '012/2016','Aloisio','ATIVO', '0112230005',55, 'CONVENIO');
INSERT INTO pat_mobiliario.tb_convenio (co_id, co_dthr_inicio, co_dthr_fim, co_numero,co_nome,co_situacao, co_fonte_recurso, coc_id, co_tipo) VALUES (121, '2017-12-31 00:00:00.000', '2019-12-31 00:00:00.000', '22452','Aloisio','ATIVO', '0281050001',59, 'CONVENIO');
INSERT INTO pat_mobiliario.tb_convenio (co_id, co_dthr_inicio, co_dthr_fim, co_numero,co_nome,co_situacao, co_fonte_recurso, coc_id, co_tipo) VALUES (122, '2017-12-31 00:00:00.000', '2019-12-31 00:00:00.000', '22452','Aloisio','ATIVO', '0281050001',27, 'CONVENIO');
INSERT INTO pat_mobiliario.tb_convenio (co_id, co_dthr_inicio, co_dthr_fim, co_numero,co_nome,co_situacao, co_fonte_recurso, coc_id, co_tipo) VALUES (123, '2017-12-31 00:00:00.000', '2019-12-31 00:00:00.000', '22452','Aloisio','ATIVO', '0281050001',30, 'CONVENIO');
INSERT INTO pat_mobiliario.tb_convenio (co_id, co_dthr_inicio, co_dthr_fim, co_numero,co_nome,co_situacao, co_fonte_recurso, coc_id, co_tipo) VALUES (124, '2017-12-31 00:00:00.000', '2019-12-31 00:00:00.000', '22452','Aloisio','ATIVO', '0281050001',30, 'CONVENIO');
INSERT INTO pat_mobiliario.tb_convenio (co_id, co_dthr_inicio, co_dthr_fim, co_numero,co_nome,co_situacao, co_fonte_recurso, coc_id, co_tipo) VALUES (125, '2017-12-31 00:00:00.000', '2019-12-31 00:00:00.000', '22452','Aloisio','ATIVO', '0281050001',30, 'CONVENIO');
INSERT INTO pat_mobiliario.tb_convenio (co_id, co_dthr_inicio, co_dthr_fim, co_numero,co_nome,co_situacao, co_fonte_recurso, coc_id, co_tipo) VALUES (126, '2017-12-31 00:00:00.000', '2019-12-31 00:00:00.000', '22452','Aloisio','ATIVO', '0281050001',30, 'CONVENIO');
INSERT INTO pat_mobiliario.tb_convenio (co_id, co_dthr_inicio, co_dthr_fim, co_numero,co_nome,co_situacao, co_fonte_recurso, coc_id, co_tipo) VALUES (127, '2017-12-31 00:00:00.000', '2019-11-30 00:00:00.000', '22452','Aloisio','ATIVO', '0281050001',30, 'CONVENIO');
INSERT INTO pat_mobiliario.tb_convenio (co_id, co_dthr_inicio, co_dthr_fim, co_numero,co_nome,co_situacao, co_fonte_recurso, coc_id, co_tipo) VALUES (128, '2017-12-31 00:00:00.000', '2019-12-31 00:00:00.000', '22452','Aloisio','INATIVO', '0281050001',30, 'CONVENIO');
INSERT INTO pat_mobiliario.tb_convenio (co_id, co_dthr_inicio, co_dthr_fim, co_numero,co_nome,co_situacao, co_fonte_recurso, coc_id, co_tipo) VALUES (129, '2017-12-31 00:00:00.000', '2019-12-31 00:00:00.000', '22452','Aloisio','ATIVO', '0281050001',30, 'CONVENIO');
INSERT INTO pat_mobiliario.tb_convenio (co_id, co_dthr_inicio, co_dthr_fim, co_numero,co_nome,co_situacao, co_fonte_recurso, coc_id, co_tipo) VALUES (130, '2018-07-02 00:00:00.000', '2019-12-26 00:00:00.000', '012/2016','Aloisio','ATIVO', '0112230005',55, 'CONVENIO');
INSERT INTO pat_mobiliario.tb_convenio (co_id, co_dthr_inicio, co_dthr_fim, co_numero,co_nome,co_situacao, co_fonte_recurso, coc_id, co_tipo) VALUES (131, '2017-12-31 00:00:00.000', '2019-12-31 00:00:00.000', '22452','Aloisio','ATIVO', '0281050001',30, 'CONVENIO');
INSERT INTO pat_mobiliario.tb_convenio (co_id, co_dthr_inicio, co_dthr_fim, co_numero,co_nome,co_situacao, co_fonte_recurso, coc_id, co_tipo) VALUES (132, '2017-12-31 00:00:00.000', '2019-12-31 00:00:00.000', '22452','Aloisio','ATIVO', '0281050001',30, 'CONVENIO');
INSERT INTO pat_mobiliario.tb_convenio (co_id, co_dthr_inicio, co_dthr_fim, co_numero,co_nome,co_situacao, co_fonte_recurso, coc_id, co_tipo) VALUES (133, '2017-12-31 00:00:00.000', '2019-12-31 00:00:00.000', '22452','Aloisio','ATIVO', '0281050001',30, 'CONVENIO');
INSERT INTO pat_mobiliario.tb_convenio (co_id, co_dthr_inicio, co_dthr_fim, co_numero,co_nome,co_situacao, co_fonte_recurso, coc_id, co_tipo) VALUES (134, '2017-12-31 00:00:00.000', '2019-11-30 00:00:00.000', '22452','Aloisio','ATIVO', '0281050001',30, 'CONVENIO');
INSERT INTO pat_mobiliario.tb_convenio (co_id, co_dthr_inicio, co_dthr_fim, co_numero,co_nome,co_situacao, co_fonte_recurso, coc_id, co_tipo) VALUES (135, '2015-12-30 00:00:00.000', '2018-06-17 00:00:00.000', '817691/2015','Aloisio','ATIVO', '0281210010',42, 'CONVENIO');
INSERT INTO pat_mobiliario.tb_convenio (co_id, co_dthr_inicio, co_dthr_fim, co_numero,co_nome,co_situacao, co_fonte_recurso, coc_id, co_tipo) VALUES (139, '2010-09-01 00:00:00.000', '2011-08-31 00:00:00.000', '704793/2009','Aloisio','ATIVO', 'RECURSOS ORDINARIOS DO TESOURO',85, 'CONVENIO');
INSERT INTO pat_mobiliario.tb_convenio (co_id, co_dthr_inicio, co_dthr_fim, co_numero,co_nome,co_situacao, co_fonte_recurso, coc_id, co_tipo) VALUES (140, '2004-07-01 00:00:00.000', '2007-06-30 00:00:00.000', '39/14657-9/01','Aloisio','ATIVO', 'RECURSOS ORDINARIOS DO TESOURO',84, 'CONVENIO');
INSERT INTO pat_mobiliario.tb_convenio (co_id, co_dthr_inicio, co_dthr_fim, co_numero,co_nome,co_situacao, co_fonte_recurso, coc_id, co_tipo) VALUES (141, '2008-12-19 00:00:00.000', '2018-12-19 00:00:00.000', '01.08.565-00','Aloisio','ATIVO', 'FINEP-CV. 12/2007 - PROJ.EST.C.T &I-SEMAC',18, 'CONVENIO');
INSERT INTO pat_mobiliario.tb_convenio (co_id, co_dthr_inicio, co_dthr_fim, co_numero,co_nome,co_situacao, co_fonte_recurso, coc_id, co_tipo) VALUES (142, '2010-03-29 00:00:00.000', '2019-03-29 00:00:00.000', '01.10.0104-00','Aloisio','ATIVO', 'FINEP/SEMAC/CV. 01100104 TECN.DESENVOLV.SOCIAL',18, 'CONVENIO');
INSERT INTO pat_mobiliario.tb_convenio (co_id, co_dthr_inicio, co_dthr_fim, co_numero,co_nome,co_situacao, co_fonte_recurso, coc_id, co_tipo) VALUES (143, '2008-12-19 00:00:00.000', '2018-12-19 00:00:00.000', '01.08.565-00 BIOECONOMIA','Aloisio','ATIVO', 'FINEP-CV. 12/2007 - PROJ.EST.C.T &I-SEMAC',18, 'CONVENIO');
INSERT INTO pat_mobiliario.tb_convenio (co_id, co_dthr_inicio, co_dthr_fim, co_numero,co_nome,co_situacao, co_fonte_recurso, coc_id, co_tipo) VALUES (144, '2018-01-22 00:00:00.000', '2019-01-22 00:00:00.000', '855217/2017','Aloisio','ATIVO', 'Convenio Siconv 855217/2017/SENASP/MJ/SEJUSP',73, 'CONVENIO');
INSERT INTO pat_mobiliario.tb_convenio (co_id, co_dthr_inicio, co_dthr_fim, co_numero,co_nome,co_situacao, co_fonte_recurso, coc_id, co_tipo) VALUES (145, '2018-01-22 00:00:00.000', '2019-01-22 00:00:00.000', '855217/2017','Aloisio','ATIVO', 'Convenio Siconv 855217/2017/SENASP/MJ/SEJUSP',73, 'CONVENIO');
INSERT INTO pat_mobiliario.tb_convenio (co_id, co_dthr_inicio, co_dthr_fim, co_numero,co_nome,co_situacao, co_fonte_recurso, coc_id, co_tipo) VALUES (146, '2012-12-28 00:00:00.000', '2020-05-31 00:00:00.000', '781356/2012','Aloisio','ATIVO', 'CONV.781356/2012/SENASP/SEJUSP',75, 'CONVENIO');
INSERT INTO pat_mobiliario.tb_convenio (co_id, co_dthr_inicio, co_dthr_fim, co_numero,co_nome,co_situacao, co_fonte_recurso, coc_id, co_tipo) VALUES (147, '2012-12-28 00:00:00.000', '2020-05-31 00:00:00.000', '781356/2012','Aloisio','ATIVO', 'CONV.781356/2012/SENASP/SEJUSP',75, 'CONVENIO');
INSERT INTO pat_mobiliario.tb_convenio (co_id, co_dthr_inicio, co_dthr_fim, co_numero,co_nome,co_situacao, co_fonte_recurso, coc_id, co_tipo) VALUES (148, '2012-12-28 00:00:00.000', '2020-05-31 00:00:00.000', '781356/2012','Aloisio','ATIVO', 'CONV.781356/2012/SENASP/SEJUSP',75, 'CONVENIO');
INSERT INTO pat_mobiliario.tb_convenio (co_id, co_dthr_inicio, co_dthr_fim, co_numero,co_nome,co_situacao, co_fonte_recurso, coc_id, co_tipo) VALUES (149, '2012-12-28 00:00:00.000', '2020-05-31 00:00:00.000', '781356/2012','Aloisio','ATIVO', 'CONV.781356/2012/SENASP/SEJUSP',75, 'CONVENIO');
INSERT INTO pat_mobiliario.tb_convenio (co_id, co_dthr_inicio, co_dthr_fim, co_numero,co_nome,co_situacao, co_fonte_recurso, coc_id, co_tipo) VALUES (150, '2012-12-28 00:00:00.000', '2020-05-31 00:00:00.000', '781356/2012','Aloisio','ATIVO', 'CONV.781356/2012/SENASP/SEJUSP',75, 'CONVENIO');
INSERT INTO pat_mobiliario.tb_convenio (co_id, co_dthr_inicio, co_dthr_fim, co_numero,co_nome,co_situacao, co_fonte_recurso, coc_id, co_tipo) VALUES (151, '2012-12-28 00:00:00.000', '2020-05-31 00:00:00.000', '781356/2012','Aloisio','ATIVO', 'CONV.781356/2012/SENASP/SEJUSP',75, 'CONVENIO');
INSERT INTO pat_mobiliario.tb_convenio (co_id, co_dthr_inicio, co_dthr_fim, co_numero,co_nome,co_situacao, co_fonte_recurso, coc_id, co_tipo) VALUES (152, '2012-12-28 00:00:00.000', '2020-05-31 00:00:00.000', '781356/2012','Aloisio','ATIVO', 'CONV.781356/2012/SENASP/SEJUSP',75, 'CONVENIO');
INSERT INTO pat_mobiliario.tb_convenio (co_id, co_dthr_inicio, co_dthr_fim, co_numero,co_nome,co_situacao, co_fonte_recurso, coc_id, co_tipo) VALUES (162, '2008-12-26 00:00:00.000', '2010-12-16 00:00:00.000', '555/2008 - SENASP','Aloisio','ATIVO', 'CONVENIO 839143/2016 MJ/SEJUSP',75, 'CONVENIO');
INSERT INTO pat_mobiliario.tb_convenio (co_id, co_dthr_inicio, co_dthr_fim, co_numero,co_nome,co_situacao, co_fonte_recurso, coc_id, co_tipo) VALUES (164, '2017-12-27 00:00:00.000', '2018-12-30 00:00:00.000', '853786/2017 -SENASP','Seu Jorge','ATIVO', '0112070032',75, 'CONVENIO');
INSERT INTO pat_mobiliario.tb_convenio (co_id, co_dthr_inicio, co_dthr_fim, co_numero,co_nome,co_situacao, co_fonte_recurso, coc_id, co_tipo) VALUES (166, '2008-12-18 00:00:00.000', '2009-12-31 00:00:00.000', '028/2008 - MJ SENASP SDE FDD','Seu Jorge','ATIVO', 'CONV.028/2008-EDUC.AMBIENTAL NO PANTANAL/MS',75, 'CONVENIO');
INSERT INTO pat_mobiliario.tb_convenio (co_id, co_dthr_inicio, co_dthr_fim, co_numero,co_nome,co_situacao, co_fonte_recurso, coc_id, co_tipo) VALUES (167, '2008-12-18 00:00:00.000', '2009-12-31 00:00:00.000', '028/2008 - MJ SENASP SDE FDD','Seu Jorge','ATIVO', 'CONV.028/2008-EDUC.AMBIENTAL NO PANTANAL/MS',75, 'CONVENIO');
INSERT INTO pat_mobiliario.tb_convenio (co_id, co_dthr_inicio, co_dthr_fim, co_numero,co_nome,co_situacao, co_fonte_recurso, coc_id, co_tipo) VALUES (172, '2007-12-19 00:00:00.000', '2010-03-19 00:00:00.000', '108/2007 - MJ DEPE','Seu Jorge','ATIVO', 'CONVENIO MJ/N. 108/2007  ',15, 'CONVENIO');
INSERT INTO pat_mobiliario.tb_convenio (co_id, co_dthr_inicio, co_dthr_fim, co_numero,co_nome,co_situacao, co_fonte_recurso, coc_id, co_tipo) VALUES (173, '2008-12-18 00:00:00.000', '2009-12-31 00:00:00.000', '028/2008 - MJ SENASP SDE FDD','Seu Jorge','ATIVO', 'CONV.028/2008-EDUC.AMBIENTAL NO PANTANAL/MS',75, 'CONVENIO');
INSERT INTO pat_mobiliario.tb_convenio (co_id, co_dthr_inicio, co_dthr_fim, co_numero,co_nome,co_situacao, co_fonte_recurso, coc_id, co_tipo) VALUES (174, '2008-12-18 00:00:00.000', '2009-12-31 00:00:00.000', '028/2008 - MJ SENASP SDE FDD','Seu Jorge','ATIVO', 'CONV.028/2008-EDUC.AMBIENTAL NO PANTANAL/MS',75, 'CONVENIO');
INSERT INTO pat_mobiliario.tb_convenio (co_id, co_dthr_inicio, co_dthr_fim, co_numero,co_nome,co_situacao, co_fonte_recurso, coc_id, co_tipo) VALUES (175, '2008-12-18 00:00:00.000', '2009-12-31 00:00:00.000', '028/2008 - MJ SENASP SDE FDD','Seu Jorge','ATIVO', 'CONV.028/2008-EDUC.AMBIENTAL NO PANTANAL/MS',75, 'CONVENIO');
INSERT INTO pat_mobiliario.tb_convenio (co_id, co_dthr_inicio, co_dthr_fim, co_numero,co_nome,co_situacao, co_fonte_recurso, coc_id, co_tipo) VALUES (176, '2007-12-19 00:00:00.000', '2010-03-19 00:00:00.000', '108/2007 - MJ DEPE','Seu Jorge','ATIVO', 'CONVENIO MJ/N. 108/2007  ',15, 'CONVENIO');
INSERT INTO pat_mobiliario.tb_convenio (co_id, co_dthr_inicio, co_dthr_fim, co_numero,co_nome,co_situacao, co_fonte_recurso, coc_id, co_tipo) VALUES (177, '2007-12-18 00:00:00.000', '2010-03-18 00:00:00.000', '095/2007 - DEPE','Seu Jorge','ATIVO', 'CONVENIO MJ/N. 095/2007 ',15, 'CONVENIO');
INSERT INTO pat_mobiliario.tb_convenio (co_id, co_dthr_inicio, co_dthr_fim, co_numero,co_nome,co_situacao, co_fonte_recurso, coc_id, co_tipo) VALUES (178, '2006-12-27 00:00:00.000', '2008-12-27 00:00:00.000', '090/2006 - SENASP','Seu Jorge','ATIVO', 'CONVENIO SENASP/MJ Nó 090/2006',75, 'CONVENIO');
INSERT INTO pat_mobiliario.tb_convenio (co_id, co_dthr_inicio, co_dthr_fim, co_numero,co_nome,co_situacao, co_fonte_recurso, coc_id, co_tipo) VALUES (179, '2017-12-27 00:00:00.000', '2018-12-30 00:00:00.000', '853786/2017 -SENASP','Seu Jorge','ATIVO', '0112070032',75, 'CONVENIO');
INSERT INTO pat_mobiliario.tb_convenio (co_id, co_dthr_inicio, co_dthr_fim, co_numero,co_nome,co_situacao, co_fonte_recurso, coc_id, co_tipo) VALUES (180, '2015-12-15 00:00:00.000', '2018-05-30 00:00:00.000', '821368/2015','Seu Jorge','ATIVO', 'Contrato de repasse nº 821368/2015/MAPA/CAIXA/SEPAF-MS',35, 'CONVENIO');
INSERT INTO pat_mobiliario.tb_convenio (co_id, co_dthr_inicio, co_dthr_fim, co_numero,co_nome,co_situacao, co_fonte_recurso, coc_id, co_tipo) VALUES (181, '2016-12-16 00:00:00.000', '2020-05-30 00:00:00.000', '833759','Seu Jorge','ATIVO', 'Contrato de repasse nº 833759/2016/MAPA/CAIXA/SEMAGRO-MS',35, 'CONVENIO');
INSERT INTO pat_mobiliario.tb_convenio (co_id, co_dthr_inicio, co_dthr_fim, co_numero,co_nome,co_situacao, co_fonte_recurso, coc_id, co_tipo) VALUES (183, '2013-12-31 00:00:00.000', '2018-04-30 00:00:00.000', '7960832013','Seu Jorge','ATIVO', 'RECURSOS ORDINARIOS DO TESOURO',28, 'CONVENIO');
INSERT INTO pat_mobiliario.tb_convenio (co_id, co_dthr_inicio, co_dthr_fim, co_numero,co_nome,co_situacao, co_fonte_recurso, coc_id, co_tipo) VALUES (184, '2013-12-31 00:00:00.000', '2018-04-30 00:00:00.000', '7960832013','Seu Jorge','ATIVO', 'RECURSOS ORDINARIOS DO TESOURO',28, 'CONVENIO');
INSERT INTO pat_mobiliario.tb_convenio (co_id, co_dthr_inicio, co_dthr_fim, co_numero,co_nome,co_situacao, co_fonte_recurso, coc_id, co_tipo) VALUES (188, '1995-12-04 00:00:00.000', '1996-12-03 00:00:00.000', '074/95','Seu Jorge','ATIVO', 'MINISTÉRIO DA SAÚDE',90, 'CONVENIO');
INSERT INTO pat_mobiliario.tb_convenio (co_id, co_dthr_inicio, co_dthr_fim, co_numero,co_nome,co_situacao, co_fonte_recurso, coc_id, co_tipo) VALUES (189, '1997-03-06 00:00:00.000', '1998-03-05 00:00:00.000', '014/97','Seu Jorge','ATIVO', 'MINISTERIO DA SAUDE',90, 'CONVENIO');
INSERT INTO pat_mobiliario.tb_convenio (co_id, co_dthr_inicio, co_dthr_fim, co_numero,co_nome,co_situacao, co_fonte_recurso, coc_id, co_tipo) VALUES (190, '1995-12-04 00:00:00.000', '1996-12-03 00:00:00.000', '074/95','Seu Jorge','ATIVO', 'MINISTERIO DA SAUDE',90, 'CONVENIO');
INSERT INTO pat_mobiliario.tb_convenio (co_id, co_dthr_inicio, co_dthr_fim, co_numero,co_nome,co_situacao, co_fonte_recurso, coc_id, co_tipo) VALUES (192, '2012-12-31 00:00:00.000', '2017-04-30 00:00:00.000', '780970/2012','Seu Jorge','ATIVO', 'Contrato de repasse nº 780970/2012-MAPA-CAIXA-SEPROTUR/MS',35, 'CONVENIO');
INSERT INTO pat_mobiliario.tb_convenio (co_id, co_dthr_inicio, co_dthr_fim, co_numero,co_nome,co_situacao, co_fonte_recurso, coc_id, co_tipo) VALUES (193, '2008-12-19 00:00:00.000', '2018-12-19 00:00:00.000', '01.08.565-00','Seu Jorge','ATIVO', 'FINEP-CV. 12/2007 - PROJ.EST.C.T &I-SEMAC',18, 'CONVENIO');
INSERT INTO pat_mobiliario.tb_convenio (co_id, co_dthr_inicio, co_dthr_fim, co_numero,co_nome,co_situacao, co_fonte_recurso, coc_id, co_tipo) VALUES (194, '2013-11-13 00:00:00.000', '2018-11-29 00:00:00.000', '0247.896-48/2007','Seu Jorge','ATIVO', 'Contrato de Repasse 0247.896-48/2007/ANA/CAIXA',92, 'CONVENIO');
INSERT INTO pat_mobiliario.tb_convenio (co_id, co_dthr_inicio, co_dthr_fim, co_numero,co_nome,co_situacao, co_fonte_recurso, coc_id, co_tipo) VALUES (195, '2014-06-11 00:00:00.000', '2018-12-28 00:00:00.000', '791691/2013','Seu Jorge','ATIVO', 'Convênio n. 791691/2013 - MEC/UEMS',91, 'CONVENIO');
INSERT INTO pat_mobiliario.tb_convenio (co_id, co_dthr_inicio, co_dthr_fim, co_numero,co_nome,co_situacao, co_fonte_recurso, coc_id, co_tipo) VALUES (196, '2014-06-11 00:00:00.000', '2019-10-10 00:00:00.000', '791691/2013','Seu Jorge','INATIVO', 'Convênio n. 791691/2013 - MEC/UEMS',91, 'CONVENIO');
INSERT INTO pat_mobiliario.tb_convenio (co_id, co_dthr_inicio, co_dthr_fim, co_numero,co_nome,co_situacao, co_fonte_recurso, coc_id, co_tipo) VALUES (197, '2014-06-11 00:00:00.000', '2019-10-28 00:00:00.000', '791691/2013','Seu Jorge','ATIVO', 'Convênio n. 791691/2013 - MEC/UEMS',91, 'CONVENIO');
INSERT INTO pat_mobiliario.tb_convenio (co_id, co_dthr_inicio, co_dthr_fim, co_numero,co_nome,co_situacao, co_fonte_recurso, coc_id, co_tipo) VALUES (198, '2004-03-23 00:00:00.000', '2007-09-06 00:00:00.000', '0171661-91/2004','Seu Jorge','ATIVO', 'CONVÊNIO E OUTRAS TRANSFERÊNCIAS A DETALHAR',39, 'CONVENIO');
INSERT INTO pat_mobiliario.tb_convenio (co_id, co_dthr_inicio, co_dthr_fim, co_numero,co_nome,co_situacao, co_fonte_recurso, coc_id, co_tipo) VALUES (199, '2012-12-01 00:00:00.000', '2013-12-01 00:00:00.000', '760234/2011','Seu Jorge','ATIVO', 'FONTE DE RESTOS A PAGAR',91, 'CONVENIO');
INSERT INTO pat_mobiliario.tb_convenio (co_id, co_dthr_inicio, co_dthr_fim, co_numero,co_nome,co_situacao, co_fonte_recurso, coc_id, co_tipo) VALUES (200, '2017-01-27 00:00:00.000', '2019-06-18 00:00:00.000', '839143/2016','Seu Jorge','ATIVO', 'CONVENIO 839143/2016 MJ/SEJUSP',73, 'CONVENIO');
INSERT INTO pat_mobiliario.tb_convenio (co_id, co_dthr_inicio, co_dthr_fim, co_numero,co_nome,co_situacao, co_fonte_recurso, coc_id, co_tipo) VALUES (201, '2015-12-31 00:00:00.000', '2018-06-17 00:00:00.000', '8174692015','Seu Jorge','ATIVO', 'Convênio nº  817469/2015 - SUDECO / AGRAER.',42, 'CONVENIO');
INSERT INTO pat_mobiliario.tb_convenio (co_id, co_dthr_inicio, co_dthr_fim, co_numero,co_nome,co_situacao, co_fonte_recurso, coc_id, co_tipo) VALUES (203, '2007-12-31 00:00:00.000', '2012-01-30 00:00:00.000', '0246.417-28/2008','Seu Jorge','ATIVO', 'C.REPASSE N.0246.417-28/2007/MDA/CAIXA',40, 'CONVENIO');
INSERT INTO pat_mobiliario.tb_convenio (co_id, co_dthr_inicio, co_dthr_fim, co_numero,co_nome,co_situacao, co_fonte_recurso, coc_id, co_tipo) VALUES (204, '2011-12-05 00:00:00.000', '2012-12-14 00:00:00.000', '760234/2011','Seu Jorge','ATIVO', 'FONTE DE RESTOS A PAGAR',91, 'CONVENIO');
INSERT INTO pat_mobiliario.tb_convenio (co_id, co_dthr_inicio, co_dthr_fim, co_numero,co_nome,co_situacao, co_fonte_recurso, coc_id, co_tipo) VALUES (206, '2014-01-01 00:00:00.000', '2014-12-31 00:00:00.000', '771799/2012','Seu Jorge','ATIVO', 'CONV.771799/2012-AQ.COMPUTADORES 14 UN.UEMS',91, 'CONVENIO');
INSERT INTO pat_mobiliario.tb_convenio (co_id, co_dthr_inicio, co_dthr_fim, co_numero,co_nome,co_situacao, co_fonte_recurso, coc_id, co_tipo) VALUES (208, '2014-03-03 00:00:00.000', '2014-12-22 00:00:00.000', '772396/2012','Seu Jorge','ATIVO', 'CONV.772396/2012-AQ.COMPUTADORES 14 UN.UEMS',91, 'CONVENIO');
INSERT INTO pat_mobiliario.tb_convenio (co_id, co_dthr_inicio, co_dthr_fim, co_numero,co_nome,co_situacao, co_fonte_recurso, coc_id, co_tipo) VALUES (209, '2009-12-31 00:00:00.000', '2016-06-30 00:00:00.000', '0316.485-40','Seu Jorge','ATIVO', 'Contrato repasse 0316.485-40/MAP',34, 'CONVENIO');
INSERT INTO pat_mobiliario.tb_convenio (co_id, co_dthr_inicio, co_dthr_fim, co_numero,co_nome,co_situacao, co_fonte_recurso, coc_id, co_tipo) VALUES (210, '2011-04-11 00:00:00.000', '2015-12-21 00:00:00.000', '760234/2011','Seu Jorge','ATIVO', 'FONTE DE RESTOS A PAGAR',91, 'CONVENIO');
INSERT INTO pat_mobiliario.tb_convenio (co_id, co_dthr_inicio, co_dthr_fim, co_numero,co_nome,co_situacao, co_fonte_recurso, coc_id, co_tipo) VALUES (211, '2011-04-11 00:00:00.000', '2014-12-22 00:00:00.000', '760234/2011','Seu Jorge','ATIVO', 'FONTE DE RESTOS A PAGAR',91, 'CONVENIO');
INSERT INTO pat_mobiliario.tb_convenio (co_id, co_dthr_inicio, co_dthr_fim, co_numero,co_nome,co_situacao, co_fonte_recurso, coc_id, co_tipo) VALUES (212, '2011-03-14 00:00:00.000', '2015-02-16 00:00:00.000', '760234/2011','Seu Jorge','ATIVO', 'FONTE DE RESTOS A PAGAR',91, 'CONVENIO');
INSERT INTO pat_mobiliario.tb_convenio (co_id, co_dthr_inicio, co_dthr_fim, co_numero,co_nome,co_situacao, co_fonte_recurso, coc_id, co_tipo) VALUES (214, '2013-12-31 00:00:00.000', '2018-04-30 00:00:00.000', '796083/2013','Seu Jorge','ATIVO', 'CTR. 796083/2013/MDA/CAIXA/AGRAER',39, 'CONVENIO');
INSERT INTO pat_mobiliario.tb_convenio (co_id, co_dthr_inicio, co_dthr_fim, co_numero,co_nome,co_situacao, co_fonte_recurso, coc_id, co_tipo) VALUES (215, '2012-12-10 00:00:00.000', '2016-08-10 00:00:00.000', '774992/2012','Seu Jorge','ATIVO', 'CONVÊNIO 32/2012 - MEC/UEMS-IMPL.AC.ESTUDANTIS',91, 'CONVENIO');
INSERT INTO pat_mobiliario.tb_convenio (co_id, co_dthr_inicio, co_dthr_fim, co_numero,co_nome,co_situacao, co_fonte_recurso, coc_id, co_tipo) VALUES (216, '2017-12-29 00:00:00.000', '2023-05-30 00:00:00.000', '844278/2017','Seu Jorge','ATIVO', '0281020009',35, 'CONVENIO');
INSERT INTO pat_mobiliario.tb_convenio (co_id, co_dthr_inicio, co_dthr_fim, co_numero,co_nome,co_situacao, co_fonte_recurso, coc_id, co_tipo) VALUES (217, '2017-12-29 00:00:00.000', '2023-05-30 00:00:00.000', '844.278/2017','Seu Jorge','ATIVO', '0281020009',35, 'CONVENIO');
INSERT INTO pat_mobiliario.tb_convenio (co_id, co_dthr_inicio, co_dthr_fim, co_numero,co_nome,co_situacao, co_fonte_recurso, coc_id, co_tipo) VALUES (218, '2012-12-10 00:00:00.000', '2016-08-10 00:00:00.000', '774992/2012','Seu Jorge','ATIVO', 'CONVÊNIO 32/2012 - MEC/UEMS-IMPL.AC.ESTUDANTIS',91, 'CONVENIO');
INSERT INTO pat_mobiliario.tb_convenio (co_id, co_dthr_inicio, co_dthr_fim, co_numero,co_nome,co_situacao, co_fonte_recurso, coc_id, co_tipo) VALUES (219, '2012-12-10 00:00:00.000', '2016-08-10 00:00:00.000', '774992/2012','Seu Jorge','ATIVO', 'CONVÊNIO 32/2012 - MEC/UEMS-IMPL.AC.ESTUDANTIS',91, 'CONVENIO');
INSERT INTO pat_mobiliario.tb_convenio (co_id, co_dthr_inicio, co_dthr_fim, co_numero,co_nome,co_situacao, co_fonte_recurso, coc_id, co_tipo) VALUES (220, '2009-12-23 00:00:00.000', '2017-12-31 00:00:00.000', '723539/2009','Seu Jorge','ATIVO', 'CONVENIO 10200.09/0296-2 FORTALIC. DA PESQUIS',62, 'CONVENIO');
INSERT INTO pat_mobiliario.tb_convenio (co_id, co_dthr_inicio, co_dthr_fim, co_numero,co_nome,co_situacao, co_fonte_recurso, coc_id, co_tipo) VALUES (221, '2012-12-03 00:00:00.000', '2016-02-03 00:00:00.000', '774809/2012','Seu Jorge','ATIVO', 'Convênio 104/2012-SPM/PR-GEPEGRE/CNPQ/UEMS',91, 'CONVENIO');
INSERT INTO pat_mobiliario.tb_convenio (co_id, co_dthr_inicio, co_dthr_fim, co_numero,co_nome,co_situacao, co_fonte_recurso, coc_id, co_tipo) VALUES (222, '2012-12-10 00:00:00.000', '2016-08-10 00:00:00.000', '774992/2012','Seu Jorge','ATIVO', 'Prof Letras',91, 'CONVENIO');
INSERT INTO pat_mobiliario.tb_convenio (co_id, co_dthr_inicio, co_dthr_fim, co_numero,co_nome,co_situacao, co_fonte_recurso, coc_id, co_tipo) VALUES (223, '2009-08-20 00:00:00.000', '2014-12-29 00:00:00.000', '701676/2008','Seu Jorge','ATIVO', 'CONVENIO NR 701676/2008 MDA/AGRAER',38, 'CONVENIO');
INSERT INTO pat_mobiliario.tb_convenio (co_id, co_dthr_inicio, co_dthr_fim, co_numero,co_nome,co_situacao, co_fonte_recurso, coc_id, co_tipo) VALUES (224, '2012-12-10 00:00:00.000', '2016-08-10 00:00:00.000', '774992/2012','Seu Jorge','ATIVO', 'CONVÊNIO 32/2012 - MEC/UEMS-IMPL.AC.ESTUDANTIS',91, 'CONVENIO');
INSERT INTO pat_mobiliario.tb_convenio (co_id, co_dthr_inicio, co_dthr_fim, co_numero,co_nome,co_situacao, co_fonte_recurso, coc_id, co_tipo) VALUES (225, '2012-12-10 00:00:00.000', '2016-08-10 00:00:00.000', '774992/2012','Seu Jorge','ATIVO', 'CONVÊNIO 32/2012 - MEC/UEMS-IMPL.AC.ESTUDANTIS',91, 'CONVENIO');
INSERT INTO pat_mobiliario.tb_convenio (co_id, co_dthr_inicio, co_dthr_fim, co_numero,co_nome,co_situacao, co_fonte_recurso, coc_id, co_tipo) VALUES (226, '2012-12-10 00:00:00.000', '2016-08-10 00:00:00.000', '774992/2012','Seu Jorge','ATIVO', 'CONVÊNIO 32/2012 - MEC/UEMS-IMPL.AC.ESTUDANTIS',91, 'CONVENIO');
INSERT INTO pat_mobiliario.tb_convenio (co_id, co_dthr_inicio, co_dthr_fim, co_numero,co_nome,co_situacao, co_fonte_recurso, coc_id, co_tipo) VALUES (227, '2011-12-30 00:00:00.000', '2017-12-24 00:00:00.000', '759980/2011','Seu Jorge','ATIVO', 'CONVENIO Nó 759980/2011-SUDECO/AGRAER',80, 'CONVENIO');
INSERT INTO pat_mobiliario.tb_convenio (co_id, co_dthr_inicio, co_dthr_fim, co_numero,co_nome,co_situacao, co_fonte_recurso, coc_id, co_tipo) VALUES (228, '2009-08-20 00:00:00.000', '2014-12-29 00:00:00.000', '701676/2008','Seu Jorge','ATIVO', 'CONVENIO NR 701676/2008 MDA/AGRAER',38, 'CONVENIO');
INSERT INTO pat_mobiliario.tb_convenio (co_id, co_dthr_inicio, co_dthr_fim, co_numero,co_nome,co_situacao, co_fonte_recurso, coc_id, co_tipo) VALUES (229, '2009-12-23 00:00:00.000', '2017-12-31 00:00:00.000', '723539/2009','Seu Jorge','ATIVO', 'CONVENIO 10200.09/0296-2 FORTALIC. DA PESQUIS',62, 'CONVENIO');
INSERT INTO pat_mobiliario.tb_convenio (co_id, co_dthr_inicio, co_dthr_fim, co_numero,co_nome,co_situacao, co_fonte_recurso, coc_id, co_tipo) VALUES (230, '2014-12-16 00:00:00.000', '2017-09-01 00:00:00.000', '808461/2014','Seu Jorge','ATIVO', 'Convênio nº 808461/2014 -FNDE-MEC-UEMS',91, 'CONVENIO');
INSERT INTO pat_mobiliario.tb_convenio (co_id, co_dthr_inicio, co_dthr_fim, co_numero,co_nome,co_situacao, co_fonte_recurso, coc_id, co_tipo) VALUES (235, '2011-11-21 00:00:00.000', '2016-01-21 00:00:00.000', '6000.0071474.11.4','Seu Jorge','ATIVO', 'FONTE DE RESTOS A PAGAR',93, 'CONVENIO');
INSERT INTO pat_mobiliario.tb_convenio (co_id, co_dthr_inicio, co_dthr_fim, co_numero,co_nome,co_situacao, co_fonte_recurso, coc_id, co_tipo) VALUES (237, '2017-12-31 00:00:00.000', '2019-12-31 00:00:00.000', '22452','Seu Jorge','ATIVO', '0281050001',30, 'CONVENIO');
INSERT INTO pat_mobiliario.tb_convenio (co_id, co_dthr_inicio, co_dthr_fim, co_numero,co_nome,co_situacao, co_fonte_recurso, coc_id, co_tipo) VALUES (238, '2017-12-31 00:00:00.000', '2019-12-31 00:00:00.000', '22452','Seu Jorge','ATIVO', '0281050001',30, 'CONVENIO');
INSERT INTO pat_mobiliario.tb_convenio (co_id, co_dthr_inicio, co_dthr_fim, co_numero,co_nome,co_situacao, co_fonte_recurso, coc_id, co_tipo) VALUES (239, '2009-12-31 00:00:00.000', '2016-06-30 00:00:00.000', '0316.485-40','Seu Jorge','ATIVO', 'Contrato repasse 0316.485-40/MAP',34, 'CONVENIO');
INSERT INTO pat_mobiliario.tb_convenio (co_id, co_dthr_inicio, co_dthr_fim, co_numero,co_nome,co_situacao, co_fonte_recurso, coc_id, co_tipo) VALUES (240, '2012-12-01 00:00:00.000', '2013-12-01 00:00:00.000', '760234/2011','Seu Jorge','ATIVO', 'FONTE DE RESTOS A PAGAR',91, 'CONVENIO');
INSERT INTO pat_mobiliario.tb_convenio (co_id, co_dthr_inicio, co_dthr_fim, co_numero,co_nome,co_situacao, co_fonte_recurso, coc_id, co_tipo) VALUES (241, '2011-12-01 00:00:00.000', '2015-08-29 00:00:00.000', '760234/2011','Seu Jorge','ATIVO', 'CONVÊNIO 027/2011 - MEC/UEMS',91, 'CONVENIO');
INSERT INTO pat_mobiliario.tb_convenio (co_id, co_dthr_inicio, co_dthr_fim, co_numero,co_nome,co_situacao, co_fonte_recurso, coc_id, co_tipo) VALUES (242, '2015-12-30 00:00:00.000', '2019-08-30 00:00:00.000', '813207/2014','Seu Jorge','ATIVO', 'Convenio SICONV nº 813207/2014 - SESU/UEMS.',91, 'CONVENIO');
INSERT INTO pat_mobiliario.tb_convenio (co_id, co_dthr_inicio, co_dthr_fim, co_numero,co_nome,co_situacao, co_fonte_recurso, coc_id, co_tipo) VALUES (243, '2015-12-30 00:00:00.000', '2019-08-30 00:00:00.000', '813207/2014','Seu Jorge','ATIVO', 'Convenio SICONV nº 813207/2014 - SESU/UEMS.',91, 'CONVENIO');
INSERT INTO pat_mobiliario.tb_convenio (co_id, co_dthr_inicio, co_dthr_fim, co_numero,co_nome,co_situacao, co_fonte_recurso, coc_id, co_tipo) VALUES (245, '2010-06-29 00:00:00.000', '2014-10-28 00:00:00.000', '004/2010','Seu Jorge','ATIVO', 'FORMACAO INIC.MAGIST.R.PUBLICA-CV.04/2010',8, 'CONVENIO');
INSERT INTO pat_mobiliario.tb_convenio (co_id, co_dthr_inicio, co_dthr_fim, co_numero,co_nome,co_situacao, co_fonte_recurso, coc_id, co_tipo) VALUES (247, '2009-12-31 00:00:00.000', '2016-06-30 00:00:00.000', '731.001/2009','Seu Jorge','ATIVO', 'Contrato repasse 0316.485-40/MAP',34, 'CONVENIO');
INSERT INTO pat_mobiliario.tb_convenio (co_id, co_dthr_inicio, co_dthr_fim, co_numero,co_nome,co_situacao, co_fonte_recurso, coc_id, co_tipo) VALUES (248, '2009-12-23 00:00:00.000', '2017-12-31 00:00:00.000', '723539/2009','Seu Jorge','ATIVO', 'CONVENIO 10200.09/0296-2 FORTALIC. DA PESQUIS',62, 'CONVENIO');
INSERT INTO pat_mobiliario.tb_convenio (co_id, co_dthr_inicio, co_dthr_fim, co_numero,co_nome,co_situacao, co_fonte_recurso, coc_id, co_tipo) VALUES (249, '2010-09-29 00:00:00.000', '2013-03-31 00:00:00.000', '004/2010','Seu Jorge','ATIVO', 'CONV.004/2010-EXT.UNIVERSIT.-PROEXT 2009/UEMS',91, 'CONVENIO');
INSERT INTO pat_mobiliario.tb_convenio (co_id, co_dthr_inicio, co_dthr_fim, co_numero,co_nome,co_situacao, co_fonte_recurso, coc_id, co_tipo) VALUES (250, '2008-09-15 00:00:00.000', '2014-10-09 00:00:00.000', '110/2017','Seu Jorge','ATIVO', 'CV.110/07-FORMACAO DOCENTE MS - PRODOCENCIA',8, 'CONVENIO');
INSERT INTO pat_mobiliario.tb_convenio (co_id, co_dthr_inicio, co_dthr_fim, co_numero,co_nome,co_situacao, co_fonte_recurso, coc_id, co_tipo) VALUES (252, '2008-09-15 00:00:00.000', '2014-10-09 00:00:00.000', '110/2017','Eu concedo','ATIVO', 'CV.110/07-FORMACAO DOCENTE MS - PRODOCENCIA',8, 'CONVENIO');
INSERT INTO pat_mobiliario.tb_convenio (co_id, co_dthr_inicio, co_dthr_fim, co_numero,co_nome,co_situacao, co_fonte_recurso, coc_id, co_tipo) VALUES (254, '2009-12-23 00:00:00.000', '2017-12-31 00:00:00.000', '723539/2009','Eu concedo','ATIVO', 'CONVENIO 10200.09/0296-2 FORTALIC. DA PESQUIS',62, 'CONVENIO');
INSERT INTO pat_mobiliario.tb_convenio (co_id, co_dthr_inicio, co_dthr_fim, co_numero,co_nome,co_situacao, co_fonte_recurso, coc_id, co_tipo) VALUES (255, '2014-02-28 00:00:00.000', '2015-02-28 00:00:00.000', '701676/2008','Eu concedo','ATIVO', 'CONVENIO NR 701676/2008 MDA/AGRAER',38, 'CONVENIO');
INSERT INTO pat_mobiliario.tb_convenio (co_id, co_dthr_inicio, co_dthr_fim, co_numero,co_nome,co_situacao, co_fonte_recurso, coc_id, co_tipo) VALUES (256, '2017-12-22 00:00:00.000', '2019-12-22 00:00:00.000', '852896/2017','Eu concedo','ATIVO', '0112320001',95, 'CONVENIO');
INSERT INTO pat_mobiliario.tb_convenio (co_id, co_dthr_inicio, co_dthr_fim, co_numero,co_nome,co_situacao, co_fonte_recurso, coc_id, co_tipo) VALUES (257, '2009-12-23 00:00:00.000', '2017-12-31 00:00:00.000', '723539/2009','Eu concedo','ATIVO', 'CONVENIO 10200.09/0296-2 FORTALIC. DA PESQUIS',62, 'CONVENIO');
INSERT INTO pat_mobiliario.tb_convenio (co_id, co_dthr_inicio, co_dthr_fim, co_numero,co_nome,co_situacao, co_fonte_recurso, coc_id, co_tipo) VALUES (259, '2011-11-28 00:00:00.000', '2018-01-28 00:00:00.000', '757670/2011','Eu concedo','ATIVO', 'RECURSOS ORDINARIOS DO TESOURO',28, 'CONVENIO');
INSERT INTO pat_mobiliario.tb_convenio (co_id, co_dthr_inicio, co_dthr_fim, co_numero,co_nome,co_situacao, co_fonte_recurso, coc_id, co_tipo) VALUES (260, '2017-12-31 00:00:00.000', '2019-12-31 00:00:00.000', '22452','Eu concedo','ATIVO', '0281050001',30, 'CONVENIO');
INSERT INTO pat_mobiliario.tb_convenio (co_id, co_dthr_inicio, co_dthr_fim, co_numero,co_nome,co_situacao, co_fonte_recurso, coc_id, co_tipo) VALUES (262, '2017-12-29 00:00:00.000', '2023-05-30 00:00:00.000', '844.278/2017','Eu concedo','ATIVO', '0281020009',35, 'CONVENIO');
INSERT INTO pat_mobiliario.tb_convenio (co_id, co_dthr_inicio, co_dthr_fim, co_numero,co_nome,co_situacao, co_fonte_recurso, coc_id, co_tipo) VALUES (263, '2017-12-29 00:00:00.000', '2023-05-30 00:00:00.000', '844.278/2017','Eu concedo','ATIVO', '0281020009',35, 'CONVENIO');
INSERT INTO pat_mobiliario.tb_convenio (co_id, co_dthr_inicio, co_dthr_fim, co_numero,co_nome,co_situacao, co_fonte_recurso, coc_id, co_tipo) VALUES (264, '2017-12-29 00:00:00.000', '2023-05-30 00:00:00.000', '844.278/2017','Eu concedo','ATIVO', '0281020009',35, 'CONVENIO');
INSERT INTO pat_mobiliario.tb_convenio (co_id, co_dthr_inicio, co_dthr_fim, co_numero,co_nome,co_situacao, co_fonte_recurso, coc_id, co_tipo) VALUES (265, '2009-12-23 00:00:00.000', '2017-12-31 00:00:00.000', '723539/2009','Eu concedo','ATIVO', 'CONVENIO 10200.09/0296-2 FORTALIC. DA PESQUIS',62, 'CONVENIO');
INSERT INTO pat_mobiliario.tb_convenio (co_id, co_dthr_inicio, co_dthr_fim, co_numero,co_nome,co_situacao, co_fonte_recurso, coc_id, co_tipo) VALUES (266, '2015-10-01 00:00:00.000', '2017-12-31 00:00:00.000', '27149','Eu concedo','ATIVO', '0281150003',49, 'CONVENIO');
INSERT INTO pat_mobiliario.tb_convenio (co_id, co_dthr_inicio, co_dthr_fim, co_numero,co_nome,co_situacao, co_fonte_recurso, coc_id, co_tipo) VALUES (267, '2015-10-01 00:00:00.000', '2017-12-31 00:00:00.000', '27149','Eu concedo','ATIVO', '0281150003',49, 'CONVENIO');
INSERT INTO pat_mobiliario.tb_convenio (co_id, co_dthr_inicio, co_dthr_fim, co_numero,co_nome,co_situacao, co_fonte_recurso, coc_id, co_tipo) VALUES (268, '2015-10-01 00:00:00.000', '2018-12-25 00:00:00.000', '789035/20130','Eu concedo','ATIVO', '0281150003',49, 'CONVENIO');
INSERT INTO pat_mobiliario.tb_convenio (co_id, co_dthr_inicio, co_dthr_fim, co_numero,co_nome,co_situacao, co_fonte_recurso, coc_id, co_tipo) VALUES (269, '2016-12-31 00:00:00.000', '2018-03-26 00:00:00.000', '842.667/2016','Eu concedo','INATIVO', '0281210024',79, 'CONVENIO');
INSERT INTO pat_mobiliario.tb_convenio (co_id, co_dthr_inicio, co_dthr_fim, co_numero,co_nome,co_situacao, co_fonte_recurso, coc_id, co_tipo) VALUES (270, '2016-12-31 00:00:00.000', '2018-03-26 00:00:00.000', '842.667/2016','Eu concedo','ATIVO', '0281210024',79, 'CONVENIO');
INSERT INTO pat_mobiliario.tb_convenio (co_id, co_dthr_inicio, co_dthr_fim, co_numero,co_nome,co_situacao, co_fonte_recurso, coc_id, co_tipo) VALUES (271, '2016-12-31 00:00:00.000', '2018-03-26 00:00:00.000', '842.667/2016','Eu concedo','ATIVO', '0281210024',79, 'CONVENIO');
INSERT INTO pat_mobiliario.tb_convenio (co_id, co_dthr_inicio, co_dthr_fim, co_numero,co_nome,co_situacao, co_fonte_recurso, coc_id, co_tipo) VALUES (272, '2003-09-25 00:00:00.000', '2006-03-31 00:00:00.000', '1813/2003','Eu concedo','ATIVO', 'MINISTERIO DESENV.SOCIAL E COMBATE A FOME',52, 'CONVENIO');
INSERT INTO pat_mobiliario.tb_convenio (co_id, co_dthr_inicio, co_dthr_fim, co_numero,co_nome,co_situacao, co_fonte_recurso, coc_id, co_tipo) VALUES (273, '2003-09-25 00:00:00.000', '2006-03-31 00:00:00.000', '1813/2003','Eu concedo','ATIVO', 'MINISTERIO DESENV.SOCIAL E COMBATE A FOME',57, 'CONVENIO');
INSERT INTO pat_mobiliario.tb_convenio (co_id, co_dthr_inicio, co_dthr_fim, co_numero,co_nome,co_situacao, co_fonte_recurso, coc_id, co_tipo) VALUES (274, '2008-01-29 00:00:00.000', '2009-05-25 00:00:00.000', 'MM/2007CV00001-SEDR','Eu concedo','ATIVO', 'MINISTERIO DO MEIO AMBIENTE',87, 'CONVENIO');
INSERT INTO pat_mobiliario.tb_convenio (co_id, co_dthr_inicio, co_dthr_fim, co_numero,co_nome,co_situacao, co_fonte_recurso, coc_id, co_tipo) VALUES (275, '2008-01-31 00:00:00.000', '2010-05-21 00:00:00.000', '2001CV000008-SQA','Eu concedo','ATIVO', 'MINISTERIO DO MEIO AMBIENTE',88, 'CONVENIO');
INSERT INTO pat_mobiliario.tb_convenio (co_id, co_dthr_inicio, co_dthr_fim, co_numero,co_nome,co_situacao, co_fonte_recurso, coc_id, co_tipo) VALUES (276, '2010-11-08 00:00:00.000', '2016-11-07 00:00:00.000', '610001/2010-8','Eu concedo','ATIVO', 'FONTE DE RESTOS A PAGAR',9, 'CONVENIO');
INSERT INTO pat_mobiliario.tb_convenio (co_id, co_dthr_inicio, co_dthr_fim, co_numero,co_nome,co_situacao, co_fonte_recurso, coc_id, co_tipo) VALUES (277, '2016-12-31 00:00:00.000', '2018-03-26 00:00:00.000', '842.667/2016','Eu concedo','ATIVO', '281210024',79, 'CONVENIO');
INSERT INTO pat_mobiliario.tb_convenio (co_id, co_dthr_inicio, co_dthr_fim, co_numero,co_nome,co_situacao, co_fonte_recurso, coc_id, co_tipo) VALUES (278, '2016-12-30 00:00:00.000', '2019-04-30 00:00:00.000', '842.318/2016','Eu concedo','ATIVO', '281180015',39, 'CONVENIO');
INSERT INTO pat_mobiliario.tb_convenio (co_id, co_dthr_inicio, co_dthr_fim, co_numero,co_nome,co_situacao, co_fonte_recurso, coc_id, co_tipo) VALUES (279, '2016-12-30 00:00:00.000', '2019-04-30 00:00:00.000', '842.318/2016','Eu concedo','ATIVO', '281180015',39, 'CONVENIO');
INSERT INTO pat_mobiliario.tb_convenio (co_id, co_dthr_inicio, co_dthr_fim, co_numero,co_nome,co_situacao, co_fonte_recurso, coc_id, co_tipo) VALUES (280, '2010-11-08 00:00:00.000', '2016-11-07 00:00:00.000', ' 610001/2010-8','Eu concedo','ATIVO', 'FONTE DE RESTOS A PAGAR',9, 'CONVENIO');
INSERT INTO pat_mobiliario.tb_convenio (co_id, co_dthr_inicio, co_dthr_fim, co_numero,co_nome,co_situacao, co_fonte_recurso, coc_id, co_tipo) VALUES (281, '2010-11-08 00:00:00.000', '2016-11-07 00:00:00.000', '610001/2010-8','Eu concedo','ATIVO', 'FONTE DE RESTOS A PAGAR',9, 'CONVENIO');
INSERT INTO pat_mobiliario.tb_convenio (co_id, co_dthr_inicio, co_dthr_fim, co_numero,co_nome,co_situacao, co_fonte_recurso, coc_id, co_tipo) VALUES (282, '2015-04-16 00:00:00.000', '2020-12-31 00:00:00.000', '03/2015 - QUALIÁGUA','Eu concedo','ATIVO', 'FONTE DE RECURSO FICTÍCIA POR NÃO TER SIDO IDENTIFICADA PELA INTEGRAÇÃO CONTRATOS X SPF',89, 'CONVENIO');
INSERT INTO pat_mobiliario.tb_convenio (co_id, co_dthr_inicio, co_dthr_fim, co_numero,co_nome,co_situacao, co_fonte_recurso, coc_id, co_tipo) VALUES (283, '2018-10-11 00:00:00.000', '2022-09-30 00:00:00.000', '041/2018 - PROGESTÃO II','Eu concedo','ATIVO', 'FONTE DE RECURSO FICTÍCIA POR NÃO TER SIDO IDENTIFICADA PELA INTEGRAÇÃO CONTRATOS X SPF',89, 'CONVENIO');
INSERT INTO pat_mobiliario.tb_convenio (co_id, co_dthr_inicio, co_dthr_fim, co_numero,co_nome,co_situacao, co_fonte_recurso, coc_id, co_tipo) VALUES (284, '2014-02-14 00:00:00.000', '2022-06-03 00:00:00.000', ' 610001/2010-8','Eu concedo','ATIVO', 'FONTE DE RESTOS A PAGAR',9, 'CONVENIO');
INSERT INTO pat_mobiliario.tb_convenio (co_id, co_dthr_inicio, co_dthr_fim, co_numero,co_nome,co_situacao, co_fonte_recurso, coc_id, co_tipo) VALUES (285, '2016-12-16 00:00:00.000', '2020-05-30 00:00:00.000', '833759','Eu concedo','ATIVO', 'MINISTÉRIO DA AGRICULTURA',49, 'CONVENIO');
INSERT INTO pat_mobiliario.tb_convenio (co_id, co_dthr_inicio, co_dthr_fim, co_numero,co_nome,co_situacao, co_fonte_recurso, coc_id, co_tipo) VALUES (286, '2015-10-01 00:00:00.000', '2018-12-25 00:00:00.000', '789035/20130','Eu concedo','ATIVO', '0281150003',51, 'CONVENIO');
INSERT INTO pat_mobiliario.tb_convenio (co_id, co_dthr_inicio, co_dthr_fim, co_numero,co_nome,co_situacao, co_fonte_recurso, coc_id, co_tipo) VALUES (287, '2015-10-01 00:00:00.000', '2018-12-25 00:00:00.000', '789035/20130','Eu concedo','ATIVO', '0281150003',51, 'CONVENIO');
INSERT INTO pat_mobiliario.tb_convenio (co_id, co_dthr_inicio, co_dthr_fim, co_numero,co_nome,co_situacao, co_fonte_recurso, coc_id, co_tipo) VALUES (288, '2015-10-01 00:00:00.000', '2017-12-31 00:00:00.000', '27149','Eu concedo','ATIVO', '0281150003',49, 'CONVENIO');
INSERT INTO pat_mobiliario.tb_convenio (co_id, co_dthr_inicio, co_dthr_fim, co_numero,co_nome,co_situacao, co_fonte_recurso, coc_id, co_tipo) VALUES (289, '2017-12-31 00:00:00.000', '2020-12-31 00:00:00.000', '22452','Eu concedo','ATIVO', '0281050001',29, 'CONVENIO');
INSERT INTO pat_mobiliario.tb_convenio (co_id, co_dthr_inicio, co_dthr_fim, co_numero,co_nome,co_situacao, co_fonte_recurso, coc_id, co_tipo) VALUES (290, '2014-09-02 00:00:00.000', '2019-07-31 00:00:00.000', '802159/2014','Eu concedo','ATIVO', 'Conv.PSB- C.802159-2014 -MDS/CF/SEDHAST',52, 'CONVENIO');
INSERT INTO pat_mobiliario.tb_convenio (co_id, co_dthr_inicio, co_dthr_fim, co_numero,co_nome,co_situacao, co_fonte_recurso, coc_id, co_tipo) VALUES (291, '2017-12-31 00:00:00.000', '2020-12-31 00:00:00.000', '22452','Eu concedo','ATIVO', '0281050001',29, 'CONVENIO');
INSERT INTO pat_mobiliario.tb_convenio (co_id, co_dthr_inicio, co_dthr_fim, co_numero,co_nome,co_situacao, co_fonte_recurso, coc_id, co_tipo) VALUES (292, '2017-12-31 00:00:00.000', '2019-12-31 00:00:00.000', '22452','Eu concedo','ATIVO', '0281050001',29, 'CONVENIO');
INSERT INTO pat_mobiliario.tb_convenio (co_id, co_dthr_inicio, co_dthr_fim, co_numero,co_nome,co_situacao, co_fonte_recurso, coc_id, co_tipo) VALUES (293, '2017-12-31 00:00:00.000', '2020-12-31 00:00:00.000', '22452','Eu concedo','ATIVO', '0281050001',29, 'CONVENIO');
INSERT INTO pat_mobiliario.tb_convenio (co_id, co_dthr_inicio, co_dthr_fim, co_numero,co_nome,co_situacao, co_fonte_recurso, coc_id, co_tipo) VALUES (294, '2011-12-23 00:00:00.000', '2017-12-31 00:00:00.000', '761.919/2011','Eu concedo','ATIVO', '0281180006',39, 'CONVENIO');
INSERT INTO pat_mobiliario.tb_convenio (co_id, co_dthr_inicio, co_dthr_fim, co_numero,co_nome,co_situacao, co_fonte_recurso, coc_id, co_tipo) VALUES (295, '2016-12-30 00:00:00.000', '2019-04-30 00:00:00.000', '842.318/2016','Eu concedo','ATIVO', '0281180015',40, 'CONVENIO');
INSERT INTO pat_mobiliario.tb_convenio (co_id, co_dthr_inicio, co_dthr_fim, co_numero,co_nome,co_situacao, co_fonte_recurso, coc_id, co_tipo) VALUES (296, '2004-06-28 00:00:00.000', '2007-06-29 00:00:00.000', 'Convênio n°018/2004 - SPM/PR','Eu concedo','ATIVO', 'CONVÊNIOS E OUTRAS TRANSFERÊNCIAS FEDERAIS',94, 'CONVENIO');
INSERT INTO pat_mobiliario.tb_convenio (co_id, co_dthr_inicio, co_dthr_fim, co_numero,co_nome,co_situacao, co_fonte_recurso, coc_id, co_tipo) VALUES (297, '2010-04-26 00:00:00.000', '2019-03-29 00:00:00.000', '16504','Eu concedo','ATIVO', '0112030002',18, 'CONVENIO');
INSERT INTO pat_mobiliario.tb_convenio (co_id, co_dthr_inicio, co_dthr_fim, co_numero,co_nome,co_situacao, co_fonte_recurso, coc_id, co_tipo) VALUES (298, '2019-01-17 00:00:00.000', '2020-01-17 00:00:00.000', '822114/2015','Eu concedo','ATIVO', '001',15, 'CONVENIO');
INSERT INTO pat_mobiliario.tb_convenio (co_id, co_dthr_inicio, co_dthr_fim, co_numero,co_nome,co_situacao, co_fonte_recurso, coc_id, co_tipo) VALUES (299, '2018-01-17 00:00:00.000', '2020-01-01 00:00:00.000', '822114/2015','Eu concedo','ATIVO', '001',15, 'CONVENIO');
INSERT INTO pat_mobiliario.tb_convenio (co_id, co_dthr_inicio, co_dthr_fim, co_numero,co_nome,co_situacao, co_fonte_recurso, coc_id, co_tipo) VALUES (300, '2017-12-31 00:00:00.000', '2020-12-31 00:00:00.000', '22452','Eu concedo','ATIVO', '0281050001',30, 'CONVENIO');
INSERT INTO pat_mobiliario.tb_convenio (co_id, co_dthr_inicio, co_dthr_fim, co_numero,co_nome,co_situacao, co_fonte_recurso, coc_id, co_tipo) VALUES (301, '2019-02-18 00:00:00.000', '2019-02-18 00:00:00.000', 'Portaria n°459-Abrigo','Eu concedo','ATIVO', 'CONVÊNIOS E OUTRAS TRANSFERÊNCIAS FEDERAIS',52, 'CONVENIO');
INSERT INTO pat_mobiliario.tb_convenio (co_id, co_dthr_inicio, co_dthr_fim, co_numero,co_nome,co_situacao, co_fonte_recurso, coc_id, co_tipo) VALUES (302, '2007-02-12 00:00:00.000', '2008-11-30 00:00:00.000', '077/2007','Eu concedo','ATIVO', 'PROEXT',91, 'CONVENIO');
INSERT INTO pat_mobiliario.tb_convenio (co_id, co_dthr_inicio, co_dthr_fim, co_numero,co_nome,co_situacao, co_fonte_recurso, coc_id, co_tipo) VALUES (303, '2001-01-01 00:00:00.000', '2005-12-30 00:00:00.000', '64000473.00/2001','Eu concedo','ATIVO', 'Rede Gás FINEP;',18, 'CONVENIO');
INSERT INTO pat_mobiliario.tb_convenio (co_id, co_dthr_inicio, co_dthr_fim, co_numero,co_nome,co_situacao, co_fonte_recurso, coc_id, co_tipo) VALUES (304, '2012-12-01 00:00:00.000', '2013-12-01 00:00:00.000', '760234/20117/PNAEST','Eu concedo','ATIVO', 'FONTE DE RESTOS A PAGAR',91, 'CONVENIO');
INSERT INTO pat_mobiliario.tb_convenio (co_id, co_dthr_inicio, co_dthr_fim, co_numero,co_nome,co_situacao, co_fonte_recurso, coc_id, co_tipo) VALUES (305, '2007-02-12 00:00:00.000', '2008-11-30 00:00:00.000', '077/2007','Eu concedo','ATIVO', 'PROEXT',91, 'CONVENIO');
INSERT INTO pat_mobiliario.tb_convenio (co_id, co_dthr_inicio, co_dthr_fim, co_numero,co_nome,co_situacao, co_fonte_recurso, coc_id, co_tipo) VALUES (306, '2019-02-20 00:00:00.000', '2019-02-20 00:00:00.000', 'Convênio n°071/2007','Eu concedo','ATIVO', 'CONVÊNIOS E OUTRAS TRANSFERÊNCIAS FEDERAIS',95, 'CONVENIO');
INSERT INTO pat_mobiliario.tb_convenio (co_id, co_dthr_inicio, co_dthr_fim, co_numero,co_nome,co_situacao, co_fonte_recurso, coc_id, co_tipo) VALUES (307, '2010-09-29 00:00:00.000', '2013-03-31 00:00:00.000', '743503/2010','Eu concedo','ATIVO', 'CONV.004/2010-EXT.UNIVERSIT.-PROEXT 2009/UEMS',91, 'CONVENIO');
INSERT INTO pat_mobiliario.tb_convenio (co_id, co_dthr_inicio, co_dthr_fim, co_numero,co_nome,co_situacao, co_fonte_recurso, coc_id, co_tipo) VALUES (308, '2011-11-21 00:00:00.000', '2016-01-21 00:00:00.000', '6000.0071474.11.4','Eu concedo','ATIVO', 'FONTE DE RESTOS A PAGAR',93, 'CONVENIO');
INSERT INTO pat_mobiliario.tb_convenio (co_id, co_dthr_inicio, co_dthr_fim, co_numero,co_nome,co_situacao, co_fonte_recurso, coc_id, co_tipo) VALUES (309, '2019-02-21 00:00:00.000', '2019-02-21 00:00:00.000', 'Portaria n° 76','Eu concedo','ATIVO', 'CONVÊNIOS E OUTRAS TRANSFERÊNCIAS FEDERAIS',52, 'CONVENIO');
INSERT INTO pat_mobiliario.tb_convenio (co_id, co_dthr_inicio, co_dthr_fim, co_numero,co_nome,co_situacao, co_fonte_recurso, coc_id, co_tipo) VALUES (310, '2019-02-21 00:00:00.000', '2019-02-21 00:00:00.000', 'Portaria n° 432','Eu concedo','ATIVO', 'Port.432 de  03/12/2008 - Programa IGE',52, 'CONVENIO');
INSERT INTO pat_mobiliario.tb_convenio (co_id, co_dthr_inicio, co_dthr_fim, co_numero,co_nome,co_situacao, co_fonte_recurso, coc_id, co_tipo) VALUES (311, '2017-12-31 00:00:00.000', '2020-12-31 00:00:00.000', '22452','Eu concedo','ATIVO', '0281050001',30, 'CONVENIO');
INSERT INTO pat_mobiliario.tb_convenio (co_id, co_dthr_inicio, co_dthr_fim, co_numero,co_nome,co_situacao, co_fonte_recurso, coc_id, co_tipo) VALUES (312, '2017-12-31 00:00:00.000', '2019-12-31 00:00:00.000', '22452','Eu concedo','ATIVO', '0281050001',30, 'CONVENIO');
INSERT INTO pat_mobiliario.tb_convenio (co_id, co_dthr_inicio, co_dthr_fim, co_numero,co_nome,co_situacao, co_fonte_recurso, coc_id, co_tipo) VALUES (313, '2019-02-25 00:00:00.000', '2019-02-25 00:00:00.000', 'Portaria n°80','Eu concedo','ATIVO', 'CONVÊNIOS E OUTRAS TRANSFERÊNCIAS FEDERAIS',52, 'CONVENIO');
INSERT INTO pat_mobiliario.tb_convenio (co_id, co_dthr_inicio, co_dthr_fim, co_numero,co_nome,co_situacao, co_fonte_recurso, coc_id, co_tipo) VALUES (314, '2019-02-25 00:00:00.000', '2019-02-25 00:00:00.000', 'Convênio n°017136/PO','Eu concedo','ATIVO', 'CONVÊNIOS E OUTRAS TRANSFERÊNCIAS FEDERAIS',52, 'CONVENIO');
INSERT INTO pat_mobiliario.tb_convenio (co_id, co_dthr_inicio, co_dthr_fim, co_numero,co_nome,co_situacao, co_fonte_recurso, coc_id, co_tipo) VALUES (315, '2017-12-31 00:00:00.000', '2019-12-31 00:00:00.000', '22452','Eu concedo','ATIVO', '0281050001',30, 'CONVENIO');
INSERT INTO pat_mobiliario.tb_convenio (co_id, co_dthr_inicio, co_dthr_fim, co_numero,co_nome,co_situacao, co_fonte_recurso, coc_id, co_tipo) VALUES (316, '2008-12-19 00:00:00.000', '2019-12-19 00:00:00.000', '14393','Eu concedo','ATIVO', '0112030001',18, 'CONVENIO');
INSERT INTO pat_mobiliario.tb_convenio (co_id, co_dthr_inicio, co_dthr_fim, co_numero,co_nome,co_situacao, co_fonte_recurso, coc_id, co_tipo) VALUES (317, '2008-12-19 00:00:00.000', '2019-12-19 00:00:00.000', '14393','Eu concedo','ATIVO', '0112030001',18, 'CONVENIO');
INSERT INTO pat_mobiliario.tb_convenio (co_id, co_dthr_inicio, co_dthr_fim, co_numero,co_nome,co_situacao, co_fonte_recurso, coc_id, co_tipo) VALUES (318, '2008-12-19 00:00:00.000', '2019-12-19 00:00:00.000', '14393','Eu concedo','ATIVO', '0112030001',18, 'CONVENIO');
INSERT INTO pat_mobiliario.tb_convenio (co_id, co_dthr_inicio, co_dthr_fim, co_numero,co_nome,co_situacao, co_fonte_recurso, coc_id, co_tipo) VALUES (319, '2017-12-31 00:00:00.000', '2019-12-31 00:00:00.000', '22452','Eu concedo','ATIVO', '0281050001',30, 'CONVENIO');
INSERT INTO pat_mobiliario.tb_convenio (co_id, co_dthr_inicio, co_dthr_fim, co_numero,co_nome,co_situacao, co_fonte_recurso, coc_id, co_tipo) VALUES (320, '2017-12-31 00:00:00.000', '2019-12-31 00:00:00.000', '22452','Eu concedo','ATIVO', '0281050001',30, 'CONVENIO');
INSERT INTO pat_mobiliario.tb_convenio (co_id, co_dthr_inicio, co_dthr_fim, co_numero,co_nome,co_situacao, co_fonte_recurso, coc_id, co_tipo) VALUES (321, '2010-04-26 00:00:00.000', '2019-04-29 00:00:00.000', '16504','Eu concedo','ATIVO', '0112030002',18, 'CONVENIO');
INSERT INTO pat_mobiliario.tb_convenio (co_id, co_dthr_inicio, co_dthr_fim, co_numero,co_nome,co_situacao, co_fonte_recurso, coc_id, co_tipo) VALUES (322, '2001-01-01 00:00:00.000', '2005-12-31 00:00:00.000', '64000473.00/2001','Eu concedo','ATIVO', 'Rede Gás FINEP;',18, 'CONVENIO');
INSERT INTO pat_mobiliario.tb_convenio (co_id, co_dthr_inicio, co_dthr_fim, co_numero,co_nome,co_situacao, co_fonte_recurso, coc_id, co_tipo) VALUES (323, '2012-01-01 00:00:00.000', '2013-12-01 00:00:00.000', '760234/2011-PNAEST 2011','Eu concedo','ATIVO', 'CONVÊNIO 027/2011 - MEC/UEMS',91, 'CONVENIO');
INSERT INTO pat_mobiliario.tb_convenio (co_id, co_dthr_inicio, co_dthr_fim, co_numero,co_nome,co_situacao, co_fonte_recurso, coc_id, co_tipo) VALUES (324, '2001-01-01 00:00:00.000', '2005-12-31 00:00:00.000', '64000473.00/2001','Eu concedo','ATIVO', 'Rede Gás FINEP;',93, 'CONVENIO');
INSERT INTO pat_mobiliario.tb_convenio (co_id, co_dthr_inicio, co_dthr_fim, co_numero,co_nome,co_situacao, co_fonte_recurso, coc_id, co_tipo) VALUES (325, '2001-01-01 00:00:00.000', '2005-12-31 00:00:00.000', '64000473.00/2001','Eu concedo','ATIVO', 'Rede Gás FINEP;',93, 'CONVENIO');
INSERT INTO pat_mobiliario.tb_convenio (co_id, co_dthr_inicio, co_dthr_fim, co_numero,co_nome,co_situacao, co_fonte_recurso, coc_id, co_tipo) VALUES (326, '2001-01-01 00:00:00.000', '2005-12-31 00:00:00.000', '64000473.00/2001','Eu concedo','ATIVO', 'Rede Gás FINEP;',93, 'CONVENIO');
INSERT INTO pat_mobiliario.tb_convenio (co_id, co_dthr_inicio, co_dthr_fim, co_numero,co_nome,co_situacao, co_fonte_recurso, coc_id, co_tipo) VALUES (327, '2001-01-01 00:00:00.000', '2005-12-31 00:00:00.000', '64000473.00/2001','Eu concedo','ATIVO', 'Rede Gás FINEP;',93, 'CONVENIO');
INSERT INTO pat_mobiliario.tb_convenio (co_id, co_dthr_inicio, co_dthr_fim, co_numero,co_nome,co_situacao, co_fonte_recurso, coc_id, co_tipo) VALUES (328, '2001-01-01 00:00:00.000', '2005-12-31 00:00:00.000', '64000473.00/2001','Eu concedo','ATIVO', 'Rede Gás FINEP;',93, 'CONVENIO');
INSERT INTO pat_mobiliario.tb_convenio (co_id, co_dthr_inicio, co_dthr_fim, co_numero,co_nome,co_situacao, co_fonte_recurso, coc_id, co_tipo) VALUES (329, '2001-01-01 00:00:00.000', '2005-12-31 00:00:00.000', '64000473.00/2001','Eu concedo','ATIVO', 'Rede Gás FINEP;',93, 'CONVENIO');
INSERT INTO pat_mobiliario.tb_convenio (co_id, co_dthr_inicio, co_dthr_fim, co_numero,co_nome,co_situacao, co_fonte_recurso, coc_id, co_tipo) VALUES (330, '2001-01-01 00:00:00.000', '2005-12-31 00:00:00.000', '64000473.00/2001','Eu concedo','ATIVO', 'Rede Gás FINEP;',93, 'CONVENIO');
INSERT INTO pat_mobiliario.tb_convenio (co_id, co_dthr_inicio, co_dthr_fim, co_numero,co_nome,co_situacao, co_fonte_recurso, coc_id, co_tipo) VALUES (331, '2010-09-29 00:00:00.000', '2013-03-31 00:00:00.000', '743503/2010 PROEXT 2009','Eu concedo','ATIVO', 'CONV.004/2010-EXT.UNIVERSIT.-PROEXT 2009/UEMS',91, 'CONVENIO');
INSERT INTO pat_mobiliario.tb_convenio (co_id, co_dthr_inicio, co_dthr_fim, co_numero,co_nome,co_situacao, co_fonte_recurso, coc_id, co_tipo) VALUES (332, '2011-11-21 00:00:00.000', '2016-01-21 00:00:00.000', '6000.0071474.11.4 PETROUEMS','Eu concedo','ATIVO', 'FONTE DE RESTOS A PAGAR',93, 'CONVENIO');
INSERT INTO pat_mobiliario.tb_convenio (co_id, co_dthr_inicio, co_dthr_fim, co_numero,co_nome,co_situacao, co_fonte_recurso, coc_id, co_tipo) VALUES (333, '2010-09-29 00:00:00.000', '2013-03-31 00:00:00.000', '743503/2010 PROEXT 2009','Eu concedo','ATIVO', 'CONV.004/2010-EXT.UNIVERSIT.-PROEXT 2009/UEMS',91, 'CONVENIO');
INSERT INTO pat_mobiliario.tb_convenio (co_id, co_dthr_inicio, co_dthr_fim, co_numero,co_nome,co_situacao, co_fonte_recurso, coc_id, co_tipo) VALUES (334, '2017-12-27 00:00:00.000', '2019-12-30 00:00:00.000', '853786/2017','Eu concedo','ATIVO', '0112070032',75, 'CONVENIO');
INSERT INTO pat_mobiliario.tb_convenio (co_id, co_dthr_inicio, co_dthr_fim, co_numero,co_nome,co_situacao, co_fonte_recurso, coc_id, co_tipo) VALUES (335, '2015-12-30 00:00:00.000', '2019-09-30 00:00:00.000', '825.263/2015','Eu concedo','ATIVO', '281180012',39, 'CONVENIO');
INSERT INTO pat_mobiliario.tb_convenio (co_id, co_dthr_inicio, co_dthr_fim, co_numero,co_nome,co_situacao, co_fonte_recurso, coc_id, co_tipo) VALUES (336, '2015-12-30 00:00:00.000', '2019-09-30 00:00:00.000', '825.263/2015','Eu concedo','ATIVO', '281180012',39, 'CONVENIO');
INSERT INTO pat_mobiliario.tb_convenio (co_id, co_dthr_inicio, co_dthr_fim, co_numero,co_nome,co_situacao, co_fonte_recurso, coc_id, co_tipo) VALUES (337, '2007-02-12 00:00:00.000', '2008-11-30 00:00:00.000', '077/2007 PROEXT 2007','Eu concedo','ATIVO', 'PROEXT',91, 'CONVENIO');
INSERT INTO pat_mobiliario.tb_convenio (co_id, co_dthr_inicio, co_dthr_fim, co_numero,co_nome,co_situacao, co_fonte_recurso, coc_id, co_tipo) VALUES (338, '2012-07-07 00:00:00.000', '2015-10-07 00:00:00.000', '770547/2012 PROEXT 2011','Eu concedo','ATIVO', 'CONV.006/12-SECRETARIA EDUCACAO SUPERIOR-MEC',91, 'CONVENIO');
INSERT INTO pat_mobiliario.tb_convenio (co_id, co_dthr_inicio, co_dthr_fim, co_numero,co_nome,co_situacao, co_fonte_recurso, coc_id, co_tipo) VALUES (339, '2010-09-29 00:00:00.000', '2013-03-31 00:00:00.000', '743503/2010 PROEXT 2009','Eu concedo','ATIVO', 'CONV.004/2010-EXT.UNIVERSIT.-PROEXT 2009/UEMS',91, 'CONVENIO');
INSERT INTO pat_mobiliario.tb_convenio (co_id, co_dthr_inicio, co_dthr_fim, co_numero,co_nome,co_situacao, co_fonte_recurso, coc_id, co_tipo) VALUES (340, '2011-12-23 00:00:00.000', '2019-12-31 00:00:00.000', '761.919/2011','Eu concedo','ATIVO', '281180006',39, 'CONVENIO');
INSERT INTO pat_mobiliario.tb_convenio (co_id, co_dthr_inicio, co_dthr_fim, co_numero,co_nome,co_situacao, co_fonte_recurso, coc_id, co_tipo) VALUES (341, '2010-06-29 00:00:00.000', '2014-10-28 00:00:00.000', '743503/2010','Eu concedo','ATIVO', 'FORMACAO INIC.MAGIST.R.PUBLICA-CV.04/2010',8, 'CONVENIO');
INSERT INTO pat_mobiliario.tb_convenio (co_id, co_dthr_inicio, co_dthr_fim, co_numero,co_nome,co_situacao, co_fonte_recurso, coc_id, co_tipo) VALUES (342, '2012-12-31 00:00:00.000', '2015-07-03 00:00:00.000', '774855/2012 Pró-equipa 2012','Eu concedo','ATIVO', 'CONV.774855/2012-AQUIS.EQUIPAMENTOS PESQUISAS',8, 'CONVENIO');
INSERT INTO pat_mobiliario.tb_convenio (co_id, co_dthr_inicio, co_dthr_fim, co_numero,co_nome,co_situacao, co_fonte_recurso, coc_id, co_tipo) VALUES (343, '2013-11-21 00:00:00.000', '2015-12-31 00:00:00.000', '787176/2013 Pró-Equip. 2013','Eu concedo','ATIVO', 'CONVÊNIO 787176/2013-MELHORIA INFRAESTRUTURA DA UEMS',8, 'CONVENIO');
INSERT INTO pat_mobiliario.tb_convenio (co_id, co_dthr_inicio, co_dthr_fim, co_numero,co_nome,co_situacao, co_fonte_recurso, coc_id, co_tipo) VALUES (344, '2017-12-31 00:00:00.000', '2020-12-31 00:00:00.000', '22452','Eu concedo','ATIVO', '0281050001',30, 'CONVENIO');
INSERT INTO pat_mobiliario.tb_convenio (co_id, co_dthr_inicio, co_dthr_fim, co_numero,co_nome,co_situacao, co_fonte_recurso, coc_id, co_tipo) VALUES (345, '2012-12-31 00:00:00.000', '2015-07-03 00:00:00.000', '774855/2012 Pró-Equip. 2012','Eu concedo','ATIVO', 'CONV.774855/2012-AQUIS.EQUIPAMENTOS PESQUISAS',8, 'CONVENIO');
INSERT INTO pat_mobiliario.tb_convenio (co_id, co_dthr_inicio, co_dthr_fim, co_numero,co_nome,co_situacao, co_fonte_recurso, coc_id, co_tipo) VALUES (346, '2012-12-31 00:00:00.000', '2015-07-03 00:00:00.000', '774855/2012 Pró-Equip. 2012','Eu concedo','ATIVO', 'CONV.774855/2012-AQUIS.EQUIPAMENTOS PESQUISAS',8, 'CONVENIO');
INSERT INTO pat_mobiliario.tb_convenio (co_id, co_dthr_inicio, co_dthr_fim, co_numero,co_nome,co_situacao, co_fonte_recurso, coc_id, co_tipo) VALUES (347, '2013-11-21 00:00:00.000', '2015-12-31 00:00:00.000', '787176/2013 Pró-Equip. 2013','Eu concedo','ATIVO', 'CONVÊNIO 787176/2013-MELHORIA INFRAESTRUTURA DA UEMS',8, 'CONVENIO');
INSERT INTO pat_mobiliario.tb_convenio (co_id, co_dthr_inicio, co_dthr_fim, co_numero,co_nome,co_situacao, co_fonte_recurso, coc_id, co_tipo) VALUES (348, '2018-01-22 00:00:00.000', '2020-03-31 00:00:00.000', '855217/2017','Eu concedo','ATIVO', '0112070034',73, 'CONVENIO');
INSERT INTO pat_mobiliario.tb_convenio (co_id, co_dthr_inicio, co_dthr_fim, co_numero,co_nome,co_situacao, co_fonte_recurso, coc_id, co_tipo) VALUES (349, '2012-12-31 00:00:00.000', '2015-07-07 00:00:00.000', '787176/2013 Pró-Equip. 2013','Eu concedo','ATIVO', 'CONVÊNIO 787176/2013-MELHORIA INFRAESTRUTURA DA UEMS',8, 'CONVENIO');
INSERT INTO pat_mobiliario.tb_convenio (co_id, co_dthr_inicio, co_dthr_fim, co_numero,co_nome,co_situacao, co_fonte_recurso, coc_id, co_tipo) VALUES (350, '2012-12-31 00:00:00.000', '2015-07-03 00:00:00.000', '774855/2012 Pró-Equip. 2012','Eu concedo','ATIVO', 'CONV.774855/2012-AQUIS.EQUIPAMENTOS PESQUISAS',8, 'CONVENIO');
INSERT INTO pat_mobiliario.tb_convenio (co_id, co_dthr_inicio, co_dthr_fim, co_numero,co_nome,co_situacao, co_fonte_recurso, coc_id, co_tipo) VALUES (351, '2011-11-21 00:00:00.000', '2016-01-21 00:00:00.000', '6000.0071474.11-1 Petrobras','Eu concedo','ATIVO', 'Convênio nº 6000.0071474.11-1 - PETROBRAS / UEMS',93, 'CONVENIO');
INSERT INTO pat_mobiliario.tb_convenio (co_id, co_dthr_inicio, co_dthr_fim, co_numero,co_nome,co_situacao, co_fonte_recurso, coc_id, co_tipo) VALUES (352, '2011-11-21 00:00:00.000', '2016-01-21 00:00:00.000', '6000.0071474.11-1 Petrobras','Eu concedo','ATIVO', 'Convênio nº 6000.0071474.11-1 - PETROBRAS / UEMS',93, 'CONVENIO');
INSERT INTO pat_mobiliario.tb_convenio (co_id, co_dthr_inicio, co_dthr_fim, co_numero,co_nome,co_situacao, co_fonte_recurso, coc_id, co_tipo) VALUES (353, '2010-06-20 00:00:00.000', '2014-10-28 00:00:00.000', '004/2010 PARFOR','Eu concedo','ATIVO', 'FORMACAO INIC.MAGIST.R.PUBLICA-CV.04/2010',8, 'CONVENIO');
INSERT INTO pat_mobiliario.tb_convenio (co_id, co_dthr_inicio, co_dthr_fim, co_numero,co_nome,co_situacao, co_fonte_recurso, coc_id, co_tipo) VALUES (354, '2010-06-29 00:00:00.000', '2014-10-28 00:00:00.000', '004/2010 PARFOR','Eu concedo','ATIVO', 'FORMACAO INIC.MAGIST.R.PUBLICA-CV.04/2010',8, 'CONVENIO');
INSERT INTO pat_mobiliario.tb_convenio (co_id, co_dthr_inicio, co_dthr_fim, co_numero,co_nome,co_situacao, co_fonte_recurso, coc_id, co_tipo) VALUES (355, '2012-12-03 00:00:00.000', '2016-02-03 00:00:00.000', '774809/2012 CEPEGRE','Eu concedo','ATIVO', 'Convênio 104/2012-SPM/PR-GEPEGRE/CNPQ/UEMS',9, 'CONVENIO');
INSERT INTO pat_mobiliario.tb_convenio (co_id, co_dthr_inicio, co_dthr_fim, co_numero,co_nome,co_situacao, co_fonte_recurso, coc_id, co_tipo) VALUES (356, '2014-06-11 00:00:00.000', '2017-10-29 00:00:00.000', '791691/2013 PNAEST','Eu concedo','ATIVO', 'Convênio n. 791691/2013 - MEC/UEMS',91, 'CONVENIO');
INSERT INTO pat_mobiliario.tb_convenio (co_id, co_dthr_inicio, co_dthr_fim, co_numero,co_nome,co_situacao, co_fonte_recurso, coc_id, co_tipo) VALUES (357, '2001-01-01 00:00:00.000', '2005-12-31 00:00:00.000', '64000473.00/2001','Eu concedo','ATIVO', 'Rede Gás FINEP;',18, 'CONVENIO');
INSERT INTO pat_mobiliario.tb_convenio (co_id, co_dthr_inicio, co_dthr_fim, co_numero,co_nome,co_situacao, co_fonte_recurso, coc_id, co_tipo) VALUES (358, '2001-01-01 00:00:00.000', '2005-12-31 00:00:00.000', '64000473.00/2001','Eu concedo','ATIVO', 'Rede Gás FINEP;',18, 'CONVENIO');
INSERT INTO pat_mobiliario.tb_convenio (co_id, co_dthr_inicio, co_dthr_fim, co_numero,co_nome,co_situacao, co_fonte_recurso, coc_id, co_tipo) VALUES (359, '2012-12-01 00:00:00.000', '2013-12-01 00:00:00.000', '760234/2011 PNAEST','Eu concedo','ATIVO', 'FONTE DE RESTOS A PAGAR',91, 'CONVENIO');
INSERT INTO pat_mobiliario.tb_convenio (co_id, co_dthr_inicio, co_dthr_fim, co_numero,co_nome,co_situacao, co_fonte_recurso, coc_id, co_tipo) VALUES (360, '2010-09-29 00:00:00.000', '2013-03-31 00:00:00.000', '743503/2010 PROEXT 2009','Eu concedo','ATIVO', 'CONV.004/2010-EXT.UNIVERSIT.-PROEXT 2009/UEMS',91, 'CONVENIO');
INSERT INTO pat_mobiliario.tb_convenio (co_id, co_dthr_inicio, co_dthr_fim, co_numero,co_nome,co_situacao, co_fonte_recurso, coc_id, co_tipo) VALUES (361, '2011-11-21 00:00:00.000', '2016-01-21 00:00:00.000', '6000.0071474.11.4 Petrouems','Eu concedo','ATIVO', 'Convênio nº 6000.0071474.11-1 - PETROBRAS / UEMS',93, 'CONVENIO');
INSERT INTO pat_mobiliario.tb_convenio (co_id, co_dthr_inicio, co_dthr_fim, co_numero,co_nome,co_situacao, co_fonte_recurso, coc_id, co_tipo) VALUES (362, '2010-10-29 00:00:00.000', '2014-10-28 00:00:00.000', '004/2010 PARFOR ','Eu concedo','ATIVO', 'FORMACAO INIC.MAGIST.R.PUBLICA-CV.04/2010',8, 'CONVENIO');
INSERT INTO pat_mobiliario.tb_convenio (co_id, co_dthr_inicio, co_dthr_fim, co_numero,co_nome,co_situacao, co_fonte_recurso, coc_id, co_tipo) VALUES (363, '2012-12-01 00:00:00.000', '2013-12-01 00:00:00.000', '760234/2011 PNAEST','Eu concedo','ATIVO', 'FONTE DE RESTOS A PAGAR',91, 'CONVENIO');
INSERT INTO pat_mobiliario.tb_convenio (co_id, co_dthr_inicio, co_dthr_fim, co_numero,co_nome,co_situacao, co_fonte_recurso, coc_id, co_tipo) VALUES (364, '2012-07-07 00:00:00.000', '2015-10-07 00:00:00.000', '770547/2012 PROEXT 2011','Eu concedo','ATIVO', 'CONV.006/12-SECRETARIA EDUCACAO SUPERIOR-MEC',91, 'CONVENIO');
INSERT INTO pat_mobiliario.tb_convenio (co_id, co_dthr_inicio, co_dthr_fim, co_numero,co_nome,co_situacao, co_fonte_recurso, coc_id, co_tipo) VALUES (365, '2012-12-01 00:00:00.000', '2013-12-01 00:00:00.000', '760234/2011 PNAEST 2011','Eu concedo','ATIVO', 'FONTE DE RESTOS A PAGAR',91, 'CONVENIO');
INSERT INTO pat_mobiliario.tb_convenio (co_id, co_dthr_inicio, co_dthr_fim, co_numero,co_nome,co_situacao, co_fonte_recurso, coc_id, co_tipo) VALUES (366, '2012-07-07 00:00:00.000', '2015-07-10 00:00:00.000', '770547/2012 PROEXT 2011','Eu concedo','ATIVO', 'CONV.006/12-SECRETARIA EDUCACAO SUPERIOR-MEC',91, 'CONVENIO');
INSERT INTO pat_mobiliario.tb_convenio (co_id, co_dthr_inicio, co_dthr_fim, co_numero,co_nome,co_situacao, co_fonte_recurso, coc_id, co_tipo) VALUES (367, '2012-07-07 00:00:00.000', '2015-10-07 00:00:00.000', '770547/2012 PROEXT 2011','Eu concedo','ATIVO', 'CONV.006/12-SECRETARIA EDUCACAO SUPERIOR-MEC',91, 'CONVENIO');
INSERT INTO pat_mobiliario.tb_convenio (co_id, co_dthr_inicio, co_dthr_fim, co_numero,co_nome,co_situacao, co_fonte_recurso, coc_id, co_tipo) VALUES (368, '2011-12-21 00:00:00.000', '2016-01-21 00:00:00.000', '6000.0071474.11-1 Petrobras','Eu concedo','ATIVO', 'Convênio nº 6000.0071474.11-1 - PETROBRAS / UEMS',93, 'CONVENIO');
INSERT INTO pat_mobiliario.tb_convenio (co_id, co_dthr_inicio, co_dthr_fim, co_numero,co_nome,co_situacao, co_fonte_recurso, coc_id, co_tipo) VALUES (369, '2011-01-21 00:00:00.000', '2016-01-21 00:00:00.000', '6000.0071474.11-1 Petrobras','Eu concedo','ATIVO', 'Convênio nº 6000.0071474.11-1 - PETROBRAS / UEMS',93, 'CONVENIO');
INSERT INTO pat_mobiliario.tb_convenio (co_id, co_dthr_inicio, co_dthr_fim, co_numero,co_nome,co_situacao, co_fonte_recurso, coc_id, co_tipo) VALUES (370, '2012-07-07 00:00:00.000', '2015-10-07 00:00:00.000', '770547/2012 PROEXT 2011','Eu concedo','ATIVO', 'CONV.006/12-SECRETARIA EDUCACAO SUPERIOR-MEC',91, 'CONVENIO');
INSERT INTO pat_mobiliario.tb_convenio (co_id, co_dthr_inicio, co_dthr_fim, co_numero,co_nome,co_situacao, co_fonte_recurso, coc_id, co_tipo) VALUES (371, '2010-04-26 00:00:00.000', '2019-03-29 00:00:00.000', '16504','Eu concedo','ATIVO', '0112030002',18, 'CONVENIO');
INSERT INTO pat_mobiliario.tb_convenio (co_id, co_dthr_inicio, co_dthr_fim, co_numero,co_nome,co_situacao, co_fonte_recurso, coc_id, co_tipo) VALUES (372, '2008-12-19 00:00:00.000', '2019-12-19 00:00:00.000', '14393','Eu concedo','ATIVO', '0112030001',6, 'CONVENIO');
INSERT INTO pat_mobiliario.tb_convenio (co_id, co_dthr_inicio, co_dthr_fim, co_numero,co_nome,co_situacao, co_fonte_recurso, coc_id, co_tipo) VALUES (373, '2012-07-07 00:00:00.000', '2015-10-07 00:00:00.000', '770547/2012 PROEXT 2011','Eu concedo','ATIVO', 'CONV.006/12-SECRETARIA EDUCACAO SUPERIOR-MEC',91, 'CONVENIO');
INSERT INTO pat_mobiliario.tb_convenio (co_id, co_dthr_inicio, co_dthr_fim, co_numero,co_nome,co_situacao, co_fonte_recurso, coc_id, co_tipo) VALUES (374, '2012-07-07 00:00:00.000', '2015-10-07 00:00:00.000', '770547/2012 PROEXT 2011','Eu concedo','ATIVO', 'CONVÊNIO 006/2012 - SECRETARIA EDUCAÇÃO SUPERIOR - MEC',91, 'CONVENIO');
INSERT INTO pat_mobiliario.tb_convenio (co_id, co_dthr_inicio, co_dthr_fim, co_numero,co_nome,co_situacao, co_fonte_recurso, coc_id, co_tipo) VALUES (375, '2011-09-30 00:00:00.000', '2014-03-31 00:00:00.000', '755957/2011 PROEXT 2010','Eu concedo','ATIVO', 'CONV.0012/11-MEC/SES/UEMS-EDITAL 05/PROEXT/10',91, 'CONVENIO');
INSERT INTO pat_mobiliario.tb_convenio (co_id, co_dthr_inicio, co_dthr_fim, co_numero,co_nome,co_situacao, co_fonte_recurso, coc_id, co_tipo) VALUES (376, '2011-09-30 00:00:00.000', '2014-03-31 00:00:00.000', '755957/2011 PROEXT 2010','Eu concedo','ATIVO', 'CONV.0012/11-MEC/SES/UEMS-EDITAL 05/PROEXT/10',91, 'CONVENIO');
INSERT INTO pat_mobiliario.tb_convenio (co_id, co_dthr_inicio, co_dthr_fim, co_numero,co_nome,co_situacao, co_fonte_recurso, coc_id, co_tipo) VALUES (377, '2009-11-23 00:00:00.000', '2013-06-16 00:00:00.000', '022/2009','Eu concedo','ATIVO', 'convenio n.22/2009 - PRO EQUIPAMENTO 2009',8, 'CONVENIO');
INSERT INTO pat_mobiliario.tb_convenio (co_id, co_dthr_inicio, co_dthr_fim, co_numero,co_nome,co_situacao, co_fonte_recurso, coc_id, co_tipo) VALUES (378, '2009-11-23 00:00:00.000', '2013-02-16 00:00:00.000', '022/2009 Pró Equipa 2009','Eu concedo','ATIVO', 'convenio n.22/2009 - PRO EQUIPAMENTO 2009',8, 'CONVENIO');
INSERT INTO pat_mobiliario.tb_convenio (co_id, co_dthr_inicio, co_dthr_fim, co_numero,co_nome,co_situacao, co_fonte_recurso, coc_id, co_tipo) VALUES (379, '2001-01-01 00:00:00.000', '2005-12-31 00:00:00.000', '64000473.00/2001','Eu concedo','ATIVO', 'Rede Gás FINEP;',93, 'CONVENIO');
INSERT INTO pat_mobiliario.tb_convenio (co_id, co_dthr_inicio, co_dthr_fim, co_numero,co_nome,co_situacao, co_fonte_recurso, coc_id, co_tipo) VALUES (380, '2008-04-22 00:00:00.000', '2019-12-17 00:00:00.000', '780970/2012','Eu concedo','ATIVO', 'FINEP/SEMAC/CV. 01100104 TECN.DESENVOLV.SOCIAL',35, 'CONVENIO');
INSERT INTO pat_mobiliario.tb_convenio (co_id, co_dthr_inicio, co_dthr_fim, co_numero,co_nome,co_situacao, co_fonte_recurso, coc_id, co_tipo) VALUES (381, '2001-01-01 00:00:00.000', '2005-12-31 00:00:00.000', '64000473.00/2001','AZ Informática','ATIVO', 'Rede Gás FINEP;',93, 'CONVENIO');
INSERT INTO pat_mobiliario.tb_convenio (co_id, co_dthr_inicio, co_dthr_fim, co_numero,co_nome,co_situacao, co_fonte_recurso, coc_id, co_tipo) VALUES (382, '2001-01-01 00:00:00.000', '2005-12-31 00:00:00.000', '64000473.00/2001 ','AZ Informática','ATIVO', 'Rede Gás FINEP;',93, 'CONVENIO');
INSERT INTO pat_mobiliario.tb_convenio (co_id, co_dthr_inicio, co_dthr_fim, co_numero,co_nome,co_situacao, co_fonte_recurso, coc_id, co_tipo) VALUES (383, '2001-01-01 00:00:00.000', '2005-12-31 00:00:00.000', '64000473.00/2001','AZ Informática','ATIVO', 'Rede Gás FINEP;',93, 'CONVENIO');
INSERT INTO pat_mobiliario.tb_convenio (co_id, co_dthr_inicio, co_dthr_fim, co_numero,co_nome,co_situacao, co_fonte_recurso, coc_id, co_tipo) VALUES (384, '2001-01-01 00:00:00.000', '2005-12-31 00:00:00.000', '64000473.00/2001','AZ Informática','ATIVO', 'Rede Gás FINEP;',93, 'CONVENIO');
INSERT INTO pat_mobiliario.tb_convenio (co_id, co_dthr_inicio, co_dthr_fim, co_numero,co_nome,co_situacao, co_fonte_recurso, coc_id, co_tipo) VALUES (385, '2001-01-01 00:00:00.000', '2005-12-31 00:00:00.000', '64000473.00/2001','AZ Informática','ATIVO', 'Rede Gás FINEP;',93, 'CONVENIO');
INSERT INTO pat_mobiliario.tb_convenio (co_id, co_dthr_inicio, co_dthr_fim, co_numero,co_nome,co_situacao, co_fonte_recurso, coc_id, co_tipo) VALUES (386, '2001-01-01 00:00:00.000', '2005-12-31 00:00:00.000', '64000473.00/2001','AZ Informática','ATIVO', 'Rede Gás FINEP;',93, 'CONVENIO');
INSERT INTO pat_mobiliario.tb_convenio (co_id, co_dthr_inicio, co_dthr_fim, co_numero,co_nome,co_situacao, co_fonte_recurso, coc_id, co_tipo) VALUES (387, '2001-01-01 00:00:00.000', '2005-12-31 00:00:00.000', '64000473.00/2001 ','AZ Informática','ATIVO', 'Rede Gás FINEP;',93, 'CONVENIO');
INSERT INTO pat_mobiliario.tb_convenio (co_id, co_dthr_inicio, co_dthr_fim, co_numero,co_nome,co_situacao, co_fonte_recurso, coc_id, co_tipo) VALUES (388, '2010-09-29 00:00:00.000', '2013-03-31 00:00:00.000', '743503/2010 PROEXT 2009','AZ Informática','ATIVO', 'FORMACAO INIC.MAGIST.R.PUBLICA-CV.04/2010',91, 'CONVENIO');
INSERT INTO pat_mobiliario.tb_convenio (co_id, co_dthr_inicio, co_dthr_fim, co_numero,co_nome,co_situacao, co_fonte_recurso, coc_id, co_tipo) VALUES (389, '2009-09-29 00:00:00.000', '2013-03-31 00:00:00.000', '743503/2010 PROEXT 2009','AZ Informática','ATIVO', 'FORMACAO INIC.MAGIST.R.PUBLICA-CV.04/2010',91, 'CONVENIO');
INSERT INTO pat_mobiliario.tb_convenio (co_id, co_dthr_inicio, co_dthr_fim, co_numero,co_nome,co_situacao, co_fonte_recurso, coc_id, co_tipo) VALUES (390, '2011-09-30 00:00:00.000', '2014-03-31 00:00:00.000', '755957/2011 PROEXT 2010','AZ Informática','ATIVO', 'CONV.0012/11-MEC/SES/UEMS-EDITAL 05/PROEXT/10',91, 'CONVENIO');
INSERT INTO pat_mobiliario.tb_convenio (co_id, co_dthr_inicio, co_dthr_fim, co_numero,co_nome,co_situacao, co_fonte_recurso, coc_id, co_tipo) VALUES (392, '2010-04-29 00:00:00.000', '2020-03-28 00:00:00.000', '14939','AZ Informática','ATIVO', 'FINEP/SEMAC/CV. 01100104 TECN.DESENVOLV.SOCIAL',18, 'CONVENIO');
INSERT INTO pat_mobiliario.tb_convenio (co_id, co_dthr_inicio, co_dthr_fim, co_numero,co_nome,co_situacao, co_fonte_recurso, coc_id, co_tipo) VALUES (393, '2017-12-31 00:00:00.000', '2020-12-31 00:00:00.000', '22452','AZ Informática','ATIVO', '0281050001',30, 'CONVENIO');
INSERT INTO pat_mobiliario.tb_convenio (co_id, co_dthr_inicio, co_dthr_fim, co_numero,co_nome,co_situacao, co_fonte_recurso, coc_id, co_tipo) VALUES (394, '2017-12-31 00:00:00.000', '2020-12-31 00:00:00.000', '22452','AZ Informática','ATIVO', '0281050001',30, 'CONVENIO');
INSERT INTO pat_mobiliario.tb_convenio (co_id, co_dthr_inicio, co_dthr_fim, co_numero,co_nome,co_situacao, co_fonte_recurso, coc_id, co_tipo) VALUES (395, '2017-12-31 00:00:00.000', '2020-12-31 00:00:00.000', '22452','AZ Informática','ATIVO', '0281050001',30, 'CONVENIO');
INSERT INTO pat_mobiliario.tb_convenio (co_id, co_dthr_inicio, co_dthr_fim, co_numero,co_nome,co_situacao, co_fonte_recurso, coc_id, co_tipo) VALUES (396, '2017-12-31 00:00:00.000', '2020-12-31 00:00:00.000', '22452','AZ Informática','ATIVO', '0281050001',30, 'CONVENIO');
INSERT INTO pat_mobiliario.tb_convenio (co_id, co_dthr_inicio, co_dthr_fim, co_numero,co_nome,co_situacao, co_fonte_recurso, coc_id, co_tipo) VALUES (397, '2017-12-31 00:00:00.000', '2020-12-31 00:00:00.000', '22452','AZ Informática','ATIVO', '0281050001',30, 'CONVENIO');
INSERT INTO pat_mobiliario.tb_convenio (co_id, co_dthr_inicio, co_dthr_fim, co_numero,co_nome,co_situacao, co_fonte_recurso, coc_id, co_tipo) VALUES (398, '2017-12-31 00:00:00.000', '2020-12-31 00:00:00.000', '22452','AZ Informática','ATIVO', '0281050001',30, 'CONVENIO');
INSERT INTO pat_mobiliario.tb_convenio (co_id, co_dthr_inicio, co_dthr_fim, co_numero,co_nome,co_situacao, co_fonte_recurso, coc_id, co_tipo) VALUES (399, '2017-12-31 00:00:00.000', '2020-12-31 00:00:00.000', '22452','AZ Informática','ATIVO', '0281050001',30, 'CONVENIO');
INSERT INTO pat_mobiliario.tb_convenio (co_id, co_dthr_inicio, co_dthr_fim, co_numero,co_nome,co_situacao, co_fonte_recurso, coc_id, co_tipo) VALUES (400, '2017-12-31 00:00:00.000', '2020-12-31 00:00:00.000', '22452','AZ Informática','ATIVO', '0281050001',30, 'CONVENIO');
INSERT INTO pat_mobiliario.tb_convenio (co_id, co_dthr_inicio, co_dthr_fim, co_numero,co_nome,co_situacao, co_fonte_recurso, coc_id, co_tipo) VALUES (401, '2017-12-31 00:00:00.000', '2020-12-31 00:00:00.000', '22452','AZ Informática','ATIVO', '0281050001',30, 'CONVENIO');
INSERT INTO pat_mobiliario.tb_convenio (co_id, co_dthr_inicio, co_dthr_fim, co_numero,co_nome,co_situacao, co_fonte_recurso, coc_id, co_tipo) VALUES (402, '2017-12-31 00:00:00.000', '2020-12-31 00:00:00.000', '22452','AZ Informática','ATIVO', '0281050001',30, 'CONVENIO');
INSERT INTO pat_mobiliario.tb_convenio (co_id, co_dthr_inicio, co_dthr_fim, co_numero,co_nome,co_situacao, co_fonte_recurso, coc_id, co_tipo) VALUES (403, '2017-12-31 00:00:00.000', '2020-12-31 00:00:00.000', '22452','AZ Informática','ATIVO', '0281050001',30, 'CONVENIO');
INSERT INTO pat_mobiliario.tb_convenio (co_id, co_dthr_inicio, co_dthr_fim, co_numero,co_nome,co_situacao, co_fonte_recurso, coc_id, co_tipo) VALUES (404, '2017-12-31 00:00:00.000', '2020-12-31 00:00:00.000', '22452','AZ Informática','ATIVO', '0281050001',30, 'CONVENIO');
INSERT INTO pat_mobiliario.tb_convenio (co_id, co_dthr_inicio, co_dthr_fim, co_numero,co_nome,co_situacao, co_fonte_recurso, coc_id, co_tipo) VALUES (405, '2017-12-31 00:00:00.000', '2020-12-31 00:00:00.000', '22452','AZ Informática','ATIVO', '0281050001',30, 'CONVENIO');
INSERT INTO pat_mobiliario.tb_convenio (co_id, co_dthr_inicio, co_dthr_fim, co_numero,co_nome,co_situacao, co_fonte_recurso, coc_id, co_tipo) VALUES (407, '2006-04-28 00:00:00.000', '2007-05-30 00:00:00.000', '831','AZ Informática','ATIVO', 'DESENVOLVIMENTO DA ASSISTENCIA COMUNITARIA',52, 'CONVENIO');
INSERT INTO pat_mobiliario.tb_convenio (co_id, co_dthr_inicio, co_dthr_fim, co_numero,co_nome,co_situacao, co_fonte_recurso, coc_id, co_tipo) VALUES (408, '2004-03-23 00:00:00.000', '2007-09-06 00:00:00.000', '0171661-91','AZ Informática','ATIVO', 'CONVÊNIO E OUTRAS TRANSFERÊNCIAS A DETALHAR',39, 'CONVENIO');
INSERT INTO pat_mobiliario.tb_convenio (co_id, co_dthr_inicio, co_dthr_fim, co_numero,co_nome,co_situacao, co_fonte_recurso, coc_id, co_tipo) VALUES (409, '2011-12-23 00:00:00.000', '2019-12-31 00:00:00.000', '825.263/2015','AZ Informática','ATIVO', '281180012',65, 'CONVENIO');
INSERT INTO pat_mobiliario.tb_convenio (co_id, co_dthr_inicio, co_dthr_fim, co_numero,co_nome,co_situacao, co_fonte_recurso, coc_id, co_tipo) VALUES (410, '2017-12-31 00:00:00.000', '2020-12-31 00:00:00.000', '22452','AZ Informática','ATIVO', '0281050001',30, 'CONVENIO');
INSERT INTO pat_mobiliario.tb_convenio (co_id, co_dthr_inicio, co_dthr_fim, co_numero,co_nome,co_situacao, co_fonte_recurso, coc_id, co_tipo) VALUES (411, '2019-04-29 00:00:00.000', '2019-04-29 00:00:00.000', '27240','AZ Informática','ATIVO', '0112260061',80, 'CONVENIO');
INSERT INTO pat_mobiliario.tb_convenio (co_id, co_dthr_inicio, co_dthr_fim, co_numero,co_nome,co_situacao, co_fonte_recurso, coc_id, co_tipo) VALUES (413, '2002-12-06 00:00:00.000', '2019-12-31 00:00:00.000', '033/2001','AZ Informática','ATIVO', null,97, 'CONVENIO');
INSERT INTO pat_mobiliario.tb_convenio (co_id, co_dthr_inicio, co_dthr_fim, co_numero,co_nome,co_situacao, co_fonte_recurso, coc_id, co_tipo) VALUES (414, '2015-12-30 00:00:00.000', '2019-09-30 00:00:00.000', '825.263/2015','AZ Informática','ATIVO', null,39, 'CONVENIO');
INSERT INTO pat_mobiliario.tb_convenio (co_id, co_dthr_inicio, co_dthr_fim, co_numero,co_nome,co_situacao, co_fonte_recurso, coc_id, co_tipo) VALUES (415, '2016-12-29 00:00:00.000', '2020-05-30 00:00:00.000', '833.211/2016','AZ Informática','ATIVO', null,39, 'CONVENIO');
INSERT INTO pat_mobiliario.tb_convenio (co_id, co_dthr_inicio, co_dthr_fim, co_numero,co_nome,co_situacao, co_fonte_recurso, coc_id, co_tipo) VALUES (416, '2019-04-30 00:00:00.000', '2019-04-30 00:00:00.000', '24209','AZ Informática','ATIVO', null,27, 'CONVENIO');
INSERT INTO pat_mobiliario.tb_convenio (co_id, co_dthr_inicio, co_dthr_fim, co_numero,co_nome,co_situacao, co_fonte_recurso, coc_id, co_tipo) VALUES (417, '2016-12-29 00:00:00.000', '2020-05-30 00:00:00.000', '836.901/2016 SEAD/CAIXA AFEM','AZ Informática','ATIVO', null,65, 'CONVENIO');
INSERT INTO pat_mobiliario.tb_convenio (co_id, co_dthr_inicio, co_dthr_fim, co_numero,co_nome,co_situacao, co_fonte_recurso, coc_id, co_tipo) VALUES (418, '2017-12-31 00:00:00.000', '2020-12-31 00:00:00.000', '22452','AZ Informática','ATIVO', null,30, 'CONVENIO');
INSERT INTO pat_mobiliario.tb_convenio (co_id, co_dthr_inicio, co_dthr_fim, co_numero,co_nome,co_situacao, co_fonte_recurso, coc_id, co_tipo) VALUES (419, '2016-12-29 00:00:00.000', '2020-05-30 00:00:00.000', '836.900/2016','AZ Informática','ATIVO', null,64, 'CONVENIO');
INSERT INTO pat_mobiliario.tb_convenio (co_id, co_dthr_inicio, co_dthr_fim, co_numero,co_nome,co_situacao, co_fonte_recurso, coc_id, co_tipo) VALUES (420, '2016-12-29 00:00:00.000', '2020-05-30 00:00:00.000', '836.900/2016','AZ Informática','ATIVO', null,64, 'CONVENIO');
INSERT INTO pat_mobiliario.tb_convenio (co_id, co_dthr_inicio, co_dthr_fim, co_numero,co_nome,co_situacao, co_fonte_recurso, coc_id, co_tipo) VALUES (421, '2016-12-29 00:00:00.000', '2020-05-30 00:00:00.000', '836.900/2016','AZ Informática','ATIVO', null,64, 'CONVENIO');
INSERT INTO pat_mobiliario.tb_convenio (co_id, co_dthr_inicio, co_dthr_fim, co_numero,co_nome,co_situacao, co_fonte_recurso, coc_id, co_tipo) VALUES (422, '2016-12-29 00:00:00.000', '2020-05-30 00:00:00.000', '841.202/2016','AZ Informática','ATIVO', null,35, 'CONVENIO');
INSERT INTO pat_mobiliario.tb_convenio (co_id, co_dthr_inicio, co_dthr_fim, co_numero,co_nome,co_situacao, co_fonte_recurso, coc_id, co_tipo) VALUES (423, '2002-12-06 00:00:00.000', '2019-12-31 00:00:00.000', '033/2001','AZ Informática','ATIVO', null,97, 'CONVENIO');
INSERT INTO pat_mobiliario.tb_convenio (co_id, co_dthr_inicio, co_dthr_fim, co_numero,co_nome,co_situacao, co_fonte_recurso, coc_id, co_tipo) VALUES (424, '2016-12-29 00:00:00.000', '2020-05-30 00:00:00.000', '841.202/2016','AZ Informática','ATIVO', null,35, 'CONVENIO');
INSERT INTO pat_mobiliario.tb_convenio (co_id, co_dthr_inicio, co_dthr_fim, co_numero,co_nome,co_situacao, co_fonte_recurso, coc_id, co_tipo) VALUES (425, '2016-12-29 00:00:00.000', '2020-05-30 00:00:00.000', '841.202/2016','AZ Informática','ATIVO', null,35, 'CONVENIO');
INSERT INTO pat_mobiliario.tb_convenio (co_id, co_dthr_inicio, co_dthr_fim, co_numero,co_nome,co_situacao, co_fonte_recurso, coc_id, co_tipo) VALUES (426, '2016-12-29 00:00:00.000', '2020-05-30 00:00:00.000', '841.202/2016','AZ Informática','ATIVO', null,39, 'CONVENIO');
INSERT INTO pat_mobiliario.tb_convenio (co_id, co_dthr_inicio, co_dthr_fim, co_numero,co_nome,co_situacao, co_fonte_recurso, coc_id, co_tipo) VALUES (427, '2017-12-30 00:00:00.000', '2021-05-30 00:00:00.000', '863.392/2017','AZ Informática','ATIVO', null,35, 'CONVENIO');
INSERT INTO pat_mobiliario.tb_convenio (co_id, co_dthr_inicio, co_dthr_fim, co_numero,co_nome,co_situacao, co_fonte_recurso, coc_id, co_tipo) VALUES (428, '2017-12-31 00:00:00.000', '2021-12-31 00:00:00.000', '22452','AZ Informática','ATIVO', null,30, 'CONVENIO');
INSERT INTO pat_mobiliario.tb_convenio (co_id, co_dthr_inicio, co_dthr_fim, co_numero,co_nome,co_situacao, co_fonte_recurso, coc_id, co_tipo) VALUES (429, '2017-12-31 00:00:00.000', '2021-12-31 00:00:00.000', '22452','AZ Informática','ATIVO', null,30, 'CONVENIO');
INSERT INTO pat_mobiliario.tb_convenio (co_id, co_dthr_inicio, co_dthr_fim, co_numero,co_nome,co_situacao, co_fonte_recurso, coc_id, co_tipo) VALUES (431, '2018-01-22 00:00:00.000', '2020-03-31 00:00:00.000', '855.217/2017','AZ Informática','ATIVO', null,73, 'CONVENIO');
INSERT INTO pat_mobiliario.tb_convenio (co_id, co_dthr_inicio, co_dthr_fim, co_numero,co_nome,co_situacao, co_fonte_recurso, coc_id, co_tipo) VALUES (432, '2010-04-26 00:00:00.000', '2020-03-28 00:00:00.000', '16504','AZ Informática','ATIVO', null,18, 'CONVENIO');
INSERT INTO pat_mobiliario.tb_convenio (co_id, co_dthr_inicio, co_dthr_fim, co_numero,co_nome,co_situacao, co_fonte_recurso, coc_id, co_tipo) VALUES (433, '2016-12-29 00:00:00.000', '2020-05-30 00:00:00.000', '836.900/2016 sead/cx','AZ Informática','ATIVO', null,64, 'CONVENIO');
INSERT INTO pat_mobiliario.tb_convenio (co_id, co_dthr_inicio, co_dthr_fim, co_numero,co_nome,co_situacao, co_fonte_recurso, coc_id, co_tipo) VALUES (434, '2016-12-29 00:00:00.000', '2020-04-30 00:00:00.000', '841.202/2016','AZ Informática','ATIVO', null,34, 'CONVENIO');
INSERT INTO pat_mobiliario.tb_convenio (co_id, co_dthr_inicio, co_dthr_fim, co_numero,co_nome,co_situacao, co_fonte_recurso, coc_id, co_tipo) VALUES (435, '2016-12-29 00:00:00.000', '2020-05-30 00:00:00.000', '836.901/2016 SEAD/CAIXA AFEM','AZ Informática','ATIVO', null,64, 'CONVENIO');
INSERT INTO pat_mobiliario.tb_convenio (co_id, co_dthr_inicio, co_dthr_fim, co_numero,co_nome,co_situacao, co_fonte_recurso, coc_id, co_tipo) VALUES (436, '2016-12-29 00:00:00.000', '2020-05-30 00:00:00.000', '833.211/2016','AZ Informática','ATIVO', null,64, 'CONVENIO');
INSERT INTO pat_mobiliario.tb_convenio (co_id, co_dthr_inicio, co_dthr_fim, co_numero,co_nome,co_situacao, co_fonte_recurso, coc_id, co_tipo) VALUES (437, '2016-12-29 00:00:00.000', '2020-05-30 00:00:00.000', '841.202/2016','AZ Informática','ATIVO', null,34, 'CONVENIO');
INSERT INTO pat_mobiliario.tb_convenio (co_id, co_dthr_inicio, co_dthr_fim, co_numero,co_nome,co_situacao, co_fonte_recurso, coc_id, co_tipo) VALUES (438, '2016-12-29 00:00:00.000', '2020-05-30 00:00:00.000', '841.202/2016','AZ Informática','ATIVO', null,35, 'CONVENIO');
INSERT INTO pat_mobiliario.tb_convenio (co_id, co_dthr_inicio, co_dthr_fim, co_numero,co_nome,co_situacao, co_fonte_recurso, coc_id, co_tipo) VALUES (439, '2015-12-18 00:00:00.000', '2019-11-12 00:00:00.000', '824040 / PROEXT 2015','AZ Informática','ATIVO', null,91, 'CONVENIO');
INSERT INTO pat_mobiliario.tb_convenio (co_id, co_dthr_inicio, co_dthr_fim, co_numero,co_nome,co_situacao, co_fonte_recurso, coc_id, co_tipo) VALUES (440, '2015-12-18 00:00:00.000', '2019-11-12 00:00:00.000', '824040/2015 - PROEXT 2015','AZ Informática','ATIVO', null,91, 'CONVENIO');
INSERT INTO pat_mobiliario.tb_convenio (co_id, co_dthr_inicio, co_dthr_fim, co_numero,co_nome,co_situacao, co_fonte_recurso, coc_id, co_tipo) VALUES (441, '2016-12-29 00:00:00.000', '2020-05-30 00:00:00.000', '836.900/2016','AZ Informática','ATIVO', null,64, 'CONVENIO');
INSERT INTO pat_mobiliario.tb_convenio (co_id, co_dthr_inicio, co_dthr_fim, co_numero,co_nome,co_situacao, co_fonte_recurso, coc_id, co_tipo) VALUES (442, '2016-12-29 00:00:00.000', '2020-05-30 00:00:00.000', '833.211/2016','AZ Informática','ATIVO', null,64, 'CONVENIO');
INSERT INTO pat_mobiliario.tb_convenio (co_id, co_dthr_inicio, co_dthr_fim, co_numero,co_nome,co_situacao, co_fonte_recurso, coc_id, co_tipo) VALUES (443, '2016-12-29 00:00:00.000', '2020-05-30 00:00:00.000', '841.202/2016','AZ Informática','ATIVO', null,34, 'CONVENIO');
INSERT INTO pat_mobiliario.tb_convenio (co_id, co_dthr_inicio, co_dthr_fim, co_numero,co_nome,co_situacao, co_fonte_recurso, coc_id, co_tipo) VALUES (444, '2016-12-29 00:00:00.000', '2020-05-30 00:00:00.000', '836.900/2016','AZ Informática','ATIVO', null,64, 'CONVENIO');
INSERT INTO pat_mobiliario.tb_convenio (co_id, co_dthr_inicio, co_dthr_fim, co_numero,co_nome,co_situacao, co_fonte_recurso, coc_id, co_tipo) VALUES (445, '2017-12-31 00:00:00.000', '2020-12-31 00:00:00.000', '22452','AZ Informática','ATIVO', null,30, 'CONVENIO');
INSERT INTO pat_mobiliario.tb_convenio (co_id, co_dthr_inicio, co_dthr_fim, co_numero,co_nome,co_situacao, co_fonte_recurso, coc_id, co_tipo) VALUES (446, '2016-12-29 00:00:00.000', '2020-05-30 00:00:00.000', '833.211/2016','AZ Informática','ATIVO', null,64, 'CONVENIO');
INSERT INTO pat_mobiliario.tb_convenio (co_id, co_dthr_inicio, co_dthr_fim, co_numero,co_nome,co_situacao, co_fonte_recurso, coc_id, co_tipo) VALUES (447, '2017-12-31 00:00:00.000', '2019-12-31 00:00:00.000', '22452','AZ Informática','ATIVO', null,30, 'CONVENIO');
INSERT INTO pat_mobiliario.tb_convenio (co_id, co_dthr_inicio, co_dthr_fim, co_numero,co_nome,co_situacao, co_fonte_recurso, coc_id, co_tipo) VALUES (448, '2008-12-19 00:00:00.000', '2019-12-19 00:00:00.000', '14939','AZ Informática','ATIVO', null,6, 'CONVENIO');
INSERT INTO pat_mobiliario.tb_convenio (co_id, co_dthr_inicio, co_dthr_fim, co_numero,co_nome,co_situacao, co_fonte_recurso, coc_id, co_tipo) VALUES (449, '2010-04-26 00:00:00.000', '2020-03-28 00:00:00.000', '16504','AZ Informática','ATIVO', null,18, 'CONVENIO');
INSERT INTO pat_mobiliario.tb_convenio (co_id, co_dthr_inicio, co_dthr_fim, co_numero,co_nome,co_situacao, co_fonte_recurso, coc_id, co_tipo) VALUES (450, '2016-12-16 00:00:00.000', '2020-02-28 00:00:00.000', '27266','AZ Informática','ATIVO', null,35, 'CONVENIO');
INSERT INTO pat_mobiliario.tb_convenio (co_id, co_dthr_inicio, co_dthr_fim, co_numero,co_nome,co_situacao, co_fonte_recurso, coc_id, co_tipo) VALUES (451, '2008-12-19 00:00:00.000', '2019-12-19 00:00:00.000', '14393','AZ Informática','ATIVO', null,6, 'CONVENIO');
INSERT INTO pat_mobiliario.tb_convenio (co_id, co_dthr_inicio, co_dthr_fim, co_numero,co_nome,co_situacao, co_fonte_recurso, coc_id, co_tipo) VALUES (455, '2017-12-31 00:00:00.000', '2019-12-31 00:00:00.000', '22452','AZ Informática','ATIVO', null,30, 'CONVENIO');
INSERT INTO pat_mobiliario.tb_convenio (co_id, co_dthr_inicio, co_dthr_fim, co_numero,co_nome,co_situacao, co_fonte_recurso, coc_id, co_tipo) VALUES (456, '2017-12-31 00:00:00.000', '2019-12-31 00:00:00.000', '22452','AZ Informática','ATIVO', null,30, 'CONVENIO');
INSERT INTO pat_mobiliario.tb_convenio (co_id, co_dthr_inicio, co_dthr_fim, co_numero,co_nome,co_situacao, co_fonte_recurso, coc_id, co_tipo) VALUES (457, '2002-12-06 00:00:00.000', '2019-12-31 00:00:00.000', '033/2001','AZ Informática','ATIVO', null,97, 'CONVENIO');
INSERT INTO pat_mobiliario.tb_convenio (co_id, co_dthr_inicio, co_dthr_fim, co_numero,co_nome,co_situacao, co_fonte_recurso, coc_id, co_tipo) VALUES (458, '2015-12-30 00:00:00.000', '2019-09-30 00:00:00.000', '825.263/2015','AZ Informática','ATIVO', null,39, 'CONVENIO');
INSERT INTO pat_mobiliario.tb_convenio (co_id, co_dthr_inicio, co_dthr_fim, co_numero,co_nome,co_situacao, co_fonte_recurso, coc_id, co_tipo) VALUES (459, '2017-12-31 00:00:00.000', '2020-12-31 00:00:00.000', '22452','AZ Informática','ATIVO', null,30, 'CONVENIO');
INSERT INTO pat_mobiliario.tb_convenio (co_id, co_dthr_inicio, co_dthr_fim, co_numero,co_nome,co_situacao, co_fonte_recurso, coc_id, co_tipo) VALUES (460, '2017-12-31 00:00:00.000', '2019-12-31 00:00:00.000', '22452','AZ Informática','ATIVO', null,30, 'CONVENIO');
INSERT INTO pat_mobiliario.tb_convenio (co_id, co_dthr_inicio, co_dthr_fim, co_numero,co_nome,co_situacao, co_fonte_recurso, coc_id, co_tipo) VALUES (461, '2017-12-31 00:00:00.000', '2019-12-31 00:00:00.000', '22452','AZ Informática','ATIVO', null,30, 'CONVENIO');
INSERT INTO pat_mobiliario.tb_convenio (co_id, co_dthr_inicio, co_dthr_fim, co_numero,co_nome,co_situacao, co_fonte_recurso, coc_id, co_tipo) VALUES (462, '2016-12-29 00:00:00.000', '2020-05-30 00:00:00.000', '833.211/2016','AZ Informática','ATIVO', null,64, 'CONVENIO');
INSERT INTO pat_mobiliario.tb_convenio (co_id, co_dthr_inicio, co_dthr_fim, co_numero,co_nome,co_situacao, co_fonte_recurso, coc_id, co_tipo) VALUES (463, '2017-12-30 00:00:00.000', '2021-05-30 00:00:00.000', '863.392/2017','AZ Informática','ATIVO', null,35, 'CONVENIO');
INSERT INTO pat_mobiliario.tb_convenio (co_id, co_dthr_inicio, co_dthr_fim, co_numero,co_nome,co_situacao, co_fonte_recurso, coc_id, co_tipo) VALUES (465, '2018-01-22 00:00:00.000', '2020-03-31 00:00:00.000', '855.217/2017','AZ Informática','ATIVO', null,73, 'CONVENIO');
INSERT INTO pat_mobiliario.tb_convenio (co_id, co_dthr_inicio, co_dthr_fim, co_numero,co_nome,co_situacao, co_fonte_recurso, coc_id, co_tipo) VALUES (466, '2017-12-31 00:00:00.000', '2020-12-31 00:00:00.000', '22452','AZ Informática','ATIVO', null,30, 'CONVENIO');
INSERT INTO pat_mobiliario.tb_convenio (co_id, co_dthr_inicio, co_dthr_fim, co_numero,co_nome,co_situacao, co_fonte_recurso, coc_id, co_tipo) VALUES (467, '2015-12-18 00:00:00.000', '2019-11-12 00:00:00.000', '824040/2015 PROEXT 2015','AZ Informática','ATIVO', null,91, 'CONVENIO');
INSERT INTO pat_mobiliario.tb_convenio (co_id, co_dthr_inicio, co_dthr_fim, co_numero,co_nome,co_situacao, co_fonte_recurso, coc_id, co_tipo) VALUES (468, '2015-12-18 00:00:00.000', '2019-11-12 00:00:00.000', '824040/2015 PROEXT 2015','Zebra convênios','ATIVO', null,91, 'CONVENIO');
INSERT INTO pat_mobiliario.tb_convenio (co_id, co_dthr_inicio, co_dthr_fim, co_numero,co_nome,co_situacao, co_fonte_recurso, coc_id, co_tipo) VALUES (469, '2010-12-31 00:00:00.000', '2020-06-22 00:00:00.000', 'CR0246417-28/2007','Zebra convênios','ATIVO', null,38, 'CONVENIO');
INSERT INTO pat_mobiliario.tb_convenio (co_id, co_dthr_inicio, co_dthr_fim, co_numero,co_nome,co_situacao, co_fonte_recurso, coc_id, co_tipo) VALUES (475, '2017-12-31 00:00:00.000', '2020-12-31 00:00:00.000', '22452','Zebra convênios','ATIVO', null,30, 'CONVENIO');
INSERT INTO pat_mobiliario.tb_convenio (co_id, co_dthr_inicio, co_dthr_fim, co_numero,co_nome,co_situacao, co_fonte_recurso, coc_id, co_tipo) VALUES (478, '2018-01-22 00:00:00.000', '2020-03-31 00:00:00.000', '855.217/2017','Zebra convênios','ATIVO', null,73, 'CONVENIO');
INSERT INTO pat_mobiliario.tb_convenio (co_id, co_dthr_inicio, co_dthr_fim, co_numero,co_nome,co_situacao, co_fonte_recurso, coc_id, co_tipo) VALUES (481, '2017-12-31 00:00:00.000', '2019-12-31 00:00:00.000', '22452','Zebra convênios','ATIVO', null,30, 'CONVENIO');
INSERT INTO pat_mobiliario.tb_convenio (co_id, co_dthr_inicio, co_dthr_fim, co_numero,co_nome,co_situacao, co_fonte_recurso, coc_id, co_tipo) VALUES (482, '2017-12-31 00:00:00.000', '2019-12-31 00:00:00.000', '22452','Zebra convênios','ATIVO', null,30, 'CONVENIO');
INSERT INTO pat_mobiliario.tb_convenio (co_id, co_dthr_inicio, co_dthr_fim, co_numero,co_nome,co_situacao, co_fonte_recurso, coc_id, co_tipo) VALUES (483, '2017-12-31 00:00:00.000', '2020-07-31 00:00:00.000', '22452','Zebra convênios','ATIVO', null,30, 'CONVENIO');
INSERT INTO pat_mobiliario.tb_convenio (co_id, co_dthr_inicio, co_dthr_fim, co_numero,co_nome,co_situacao, co_fonte_recurso, coc_id, co_tipo) VALUES (484, '2017-12-31 00:00:00.000', '2020-12-31 00:00:00.000', '22452','Zebra convênios','ATIVO', null,30, 'CONVENIO');
INSERT INTO pat_mobiliario.tb_convenio (co_id, co_dthr_inicio, co_dthr_fim, co_numero,co_nome,co_situacao, co_fonte_recurso, coc_id, co_tipo) VALUES (485, '2017-12-27 00:00:00.000', '2019-12-30 00:00:00.000', '853.786/2017','Zebra convênios','ATIVO', null,75, 'CONVENIO');
INSERT INTO pat_mobiliario.tb_convenio (co_id, co_dthr_inicio, co_dthr_fim, co_numero,co_nome,co_situacao, co_fonte_recurso, coc_id, co_tipo) VALUES (486, '2018-01-22 00:00:00.000', '2020-03-31 00:00:00.000', '855.217/2017','Zebra convênios','ATIVO', null,73, 'CONVENIO');
INSERT INTO pat_mobiliario.tb_convenio (co_id, co_dthr_inicio, co_dthr_fim, co_numero,co_nome,co_situacao, co_fonte_recurso, coc_id, co_tipo) VALUES (487, '2008-12-19 00:00:00.000', '2019-12-19 00:00:00.000', '14393/18','Zebra convênios','ATIVO', null,6, 'CONVENIO');
INSERT INTO pat_mobiliario.tb_convenio (co_id, co_dthr_inicio, co_dthr_fim, co_numero,co_nome,co_situacao, co_fonte_recurso, coc_id, co_tipo) VALUES (489, '2017-12-27 00:00:00.000', '2020-03-14 00:00:00.000', '853.303/2017','Zebra convênios','ATIVO', null,75, 'CONVENIO');
INSERT INTO pat_mobiliario.tb_convenio (co_id, co_dthr_inicio, co_dthr_fim, co_numero,co_nome,co_situacao, co_fonte_recurso, coc_id, co_tipo) VALUES (490, '2017-12-31 00:00:00.000', '2020-08-31 00:00:00.000', '22452','Zebra convênios','ATIVO', null,30, 'CONVENIO');
INSERT INTO pat_mobiliario.tb_convenio (co_id, co_dthr_inicio, co_dthr_fim, co_numero,co_nome,co_situacao, co_fonte_recurso, coc_id, co_tipo) VALUES (491, '2011-11-21 00:00:00.000', '2016-01-21 00:00:00.000', '6000.0071474.11.4','Zebra convênios','ATIVO', null,93, 'CONVENIO');
INSERT INTO pat_mobiliario.tb_convenio (co_id, co_dthr_inicio, co_dthr_fim, co_numero,co_nome,co_situacao, co_fonte_recurso, coc_id, co_tipo) VALUES (492, '2011-11-21 00:00:00.000', '2016-01-21 00:00:00.000', '6000.0071474.11.4','Zebra convênios','ATIVO', null,93, 'CONVENIO');
INSERT INTO pat_mobiliario.tb_convenio (co_id, co_dthr_inicio, co_dthr_fim, co_numero,co_nome,co_situacao, co_fonte_recurso, coc_id, co_tipo) VALUES (493, '2011-11-21 00:00:00.000', '2016-01-21 00:00:00.000', '6000.0071474.11.4','Zebra convênios','ATIVO', null,93, 'CONVENIO');
INSERT INTO pat_mobiliario.tb_convenio (co_id, co_dthr_inicio, co_dthr_fim, co_numero,co_nome,co_situacao, co_fonte_recurso, coc_id, co_tipo) VALUES (494, '2011-11-21 00:00:00.000', '2016-01-21 00:00:00.000', '6000.0071474.11.4 PETRO UEMS','Zebra convênios','ATIVO', null,93, 'CONVENIO');
INSERT INTO pat_mobiliario.tb_convenio (co_id, co_dthr_inicio, co_dthr_fim, co_numero,co_nome,co_situacao, co_fonte_recurso, coc_id, co_tipo) VALUES (495, '2015-12-18 00:00:00.000', '2019-11-12 00:00:00.000', '824040/2015','Zebra convênios','ATIVO', null,91, 'CONVENIO');
INSERT INTO pat_mobiliario.tb_convenio (co_id, co_dthr_inicio, co_dthr_fim, co_numero,co_nome,co_situacao, co_fonte_recurso, coc_id, co_tipo) VALUES (496, '2008-12-19 00:00:00.000', '2019-12-19 00:00:00.000', '01.08.565-00','Zebra convênios','ATIVO', null,18, 'CONVENIO');
INSERT INTO pat_mobiliario.tb_convenio (co_id, co_dthr_inicio, co_dthr_fim, co_numero,co_nome,co_situacao, co_fonte_recurso, coc_id, co_tipo) VALUES (497, '2008-12-19 00:00:00.000', '2019-12-19 00:00:00.000', '01.08.565-00','Zebra convênios','ATIVO', null,18, 'CONVENIO');
INSERT INTO pat_mobiliario.tb_convenio (co_id, co_dthr_inicio, co_dthr_fim, co_numero,co_nome,co_situacao, co_fonte_recurso, coc_id, co_tipo) VALUES (498, '2008-12-19 00:00:00.000', '2019-12-19 00:00:00.000', '01.08.565-00','Zebra convênios','ATIVO', null,18, 'CONVENIO');
INSERT INTO pat_mobiliario.tb_convenio (co_id, co_dthr_inicio, co_dthr_fim, co_numero,co_nome,co_situacao, co_fonte_recurso, coc_id, co_tipo) VALUES (500, '2012-12-21 00:00:00.000', '2017-04-30 00:00:00.000', '21464/2018','Zebra convênios','ATIVO', null,35, 'CONVENIO');
INSERT INTO pat_mobiliario.tb_convenio (co_id, co_dthr_inicio, co_dthr_fim, co_numero,co_nome,co_situacao, co_fonte_recurso, coc_id, co_tipo) VALUES (501, '2011-12-06 00:00:00.000', '2012-06-06 00:00:00.000', 'siconv n°756500/2011-SDH/PR','Zebra convênios','ATIVO', null,99, 'CONVENIO');
INSERT INTO pat_mobiliario.tb_convenio (co_id, co_dthr_inicio, co_dthr_fim, co_numero,co_nome,co_situacao, co_fonte_recurso, coc_id, co_tipo) VALUES (502, '2007-12-31 00:00:00.000', '2015-03-30 00:00:00.000', '013567','Zebra convênios','ATIVO', null,92, 'CONVENIO');
INSERT INTO pat_mobiliario.tb_convenio (co_id, co_dthr_inicio, co_dthr_fim, co_numero,co_nome,co_situacao, co_fonte_recurso, coc_id, co_tipo) VALUES (503, '2004-03-23 00:00:00.000', '2007-09-06 00:00:00.000', '0171661-91/2004','Zebra convênios','ATIVO', null,39, 'CONVENIO');
INSERT INTO pat_mobiliario.tb_convenio (co_id, co_dthr_inicio, co_dthr_fim, co_numero,co_nome,co_situacao, co_fonte_recurso, coc_id, co_tipo) VALUES (504, '2007-12-31 00:00:00.000', '2015-03-30 00:00:00.000', '015682','Zebra convênios','ATIVO', null,89, 'CONVENIO');
INSERT INTO pat_mobiliario.tb_convenio (co_id, co_dthr_inicio, co_dthr_fim, co_numero,co_nome,co_situacao, co_fonte_recurso, coc_id, co_tipo) VALUES (505, '2010-03-29 00:00:00.000', '2020-03-29 00:00:00.000', '0110010400','Zebra convênios','ATIVO', null,18, 'CONVENIO');
INSERT INTO pat_mobiliario.tb_convenio (co_id, co_dthr_inicio, co_dthr_fim, co_numero,co_nome,co_situacao, co_fonte_recurso, coc_id, co_tipo) VALUES (508, '2009-12-29 00:00:00.000', '2014-12-31 00:00:00.000', '0247.898-67','Zebra convênios','ATIVO', null,92, 'CONVENIO');
INSERT INTO pat_mobiliario.tb_convenio (co_id, co_dthr_inicio, co_dthr_fim, co_numero,co_nome,co_situacao, co_fonte_recurso, coc_id, co_tipo) VALUES (511, '2009-08-20 00:00:00.000', '2014-12-29 00:00:00.000', '701.676  MAPA','Zebra convênios','ATIVO', null,34, 'CONVENIO');
INSERT INTO pat_mobiliario.tb_convenio (co_id, co_dthr_inicio, co_dthr_fim, co_numero,co_nome,co_situacao, co_fonte_recurso, coc_id, co_tipo) VALUES (512, '2009-12-23 00:00:00.000', '2019-12-31 00:00:00.000', '723.539/2009','Zebra convênios','ATIVO', null,62, 'CONVENIO');
INSERT INTO pat_mobiliario.tb_convenio (co_id, co_dthr_inicio, co_dthr_fim, co_numero,co_nome,co_situacao, co_fonte_recurso, coc_id, co_tipo) VALUES (513, '2009-12-23 00:00:00.000', '2019-12-31 00:00:00.000', '702.452/2008-EMBRAPA/MAPA','Zebra convênios','ATIVO', null,34, 'CONVENIO');
INSERT INTO pat_mobiliario.tb_convenio (co_id, co_dthr_inicio, co_dthr_fim, co_numero,co_nome,co_situacao, co_fonte_recurso, coc_id, co_tipo) VALUES (516, '2009-12-31 00:00:00.000', '2017-06-30 00:00:00.000', '731.001/2009','Zebra convênios','ATIVO', null,34, 'CONVENIO');
INSERT INTO pat_mobiliario.tb_convenio (co_id, co_dthr_inicio, co_dthr_fim, co_numero,co_nome,co_situacao, co_fonte_recurso, coc_id, co_tipo) VALUES (517, '2013-12-31 00:00:00.000', '2018-04-30 00:00:00.000', '796.083/2013','Zebra convênios','ATIVO', null,34, 'CONVENIO');
INSERT INTO pat_mobiliario.tb_convenio (co_id, co_dthr_inicio, co_dthr_fim, co_numero,co_nome,co_situacao, co_fonte_recurso, coc_id, co_tipo) VALUES (518, '2009-12-29 00:00:00.000', '2014-12-31 00:00:00.000', '709.002/2009','Zebra convênios','ATIVO', null,34, 'CONVENIO');
INSERT INTO pat_mobiliario.tb_convenio (co_id, co_dthr_inicio, co_dthr_fim, co_numero,co_nome,co_situacao, co_fonte_recurso, coc_id, co_tipo) VALUES (519, '2015-12-30 00:00:00.000', '2019-09-30 00:00:00.000', '825.029/2015','Zebra convênios','ATIVO', null,34, 'CONVENIO');
INSERT INTO pat_mobiliario.tb_convenio (co_id, co_dthr_inicio, co_dthr_fim, co_numero,co_nome,co_situacao, co_fonte_recurso, coc_id, co_tipo) VALUES (520, '2016-12-29 00:00:00.000', '2020-05-30 00:00:00.000', '841.202/2016','Zebra convênios','ATIVO', null,34, 'CONVENIO');
INSERT INTO pat_mobiliario.tb_convenio (co_id, co_dthr_inicio, co_dthr_fim, co_numero,co_nome,co_situacao, co_fonte_recurso, coc_id, co_tipo) VALUES (521, '2015-12-30 00:00:00.000', '2019-09-30 00:00:00.000', '825.263/2015','Zebra convênios','ATIVO', null,34, 'CONVENIO');
INSERT INTO pat_mobiliario.tb_convenio (co_id, co_dthr_inicio, co_dthr_fim, co_numero,co_nome,co_situacao, co_fonte_recurso, coc_id, co_tipo) VALUES (522, '2012-12-31 00:00:00.000', '2018-05-30 00:00:00.000', '781.959/2012','Zebra convênios','ATIVO', null,34, 'CONVENIO');
INSERT INTO pat_mobiliario.tb_convenio (co_id, co_dthr_inicio, co_dthr_fim, co_numero,co_nome,co_situacao, co_fonte_recurso, coc_id, co_tipo) VALUES (523, '2015-12-30 00:00:00.000', '2019-09-30 00:00:00.000', '819.168/2015','Zebra convênios','ATIVO', null,34, 'CONVENIO');
INSERT INTO pat_mobiliario.tb_convenio (co_id, co_dthr_inicio, co_dthr_fim, co_numero,co_nome,co_situacao, co_fonte_recurso, coc_id, co_tipo) VALUES (524, '2016-12-29 00:00:00.000', '2020-05-30 00:00:00.000', '836901/2016','Zebra convênios','ATIVO', null,34, 'CONVENIO');
INSERT INTO pat_mobiliario.tb_convenio (co_id, co_dthr_inicio, co_dthr_fim, co_numero,co_nome,co_situacao, co_fonte_recurso, coc_id, co_tipo) VALUES (525, '2016-12-30 00:00:00.000', '2020-04-30 00:00:00.000', '842.318/2016','Zebra convênios','ATIVO', null,34, 'CONVENIO');
INSERT INTO pat_mobiliario.tb_convenio (co_id, co_dthr_inicio, co_dthr_fim, co_numero,co_nome,co_situacao, co_fonte_recurso, coc_id, co_tipo) VALUES (526, '2016-12-29 00:00:00.000', '2020-05-30 00:00:00.000', '836.900/2016','Zebra convênios','ATIVO', null,34, 'CONVENIO');
INSERT INTO pat_mobiliario.tb_convenio (co_id, co_dthr_inicio, co_dthr_fim, co_numero,co_nome,co_situacao, co_fonte_recurso, coc_id, co_tipo) VALUES (527, '2016-12-29 00:00:00.000', '2020-05-30 00:00:00.000', '833.211/2016','Zebra convênios','ATIVO', null,34, 'CONVENIO');
INSERT INTO pat_mobiliario.tb_convenio (co_id, co_dthr_inicio, co_dthr_fim, co_numero,co_nome,co_situacao, co_fonte_recurso, coc_id, co_tipo) VALUES (528, '2017-12-30 00:00:00.000', '2021-05-30 00:00:00.000', '863.392/2017','Zebra convênios','ATIVO', null,34, 'CONVENIO');
INSERT INTO pat_mobiliario.tb_convenio (co_id, co_dthr_inicio, co_dthr_fim, co_numero,co_nome,co_situacao, co_fonte_recurso, coc_id, co_tipo) VALUES (529, '2017-12-29 00:00:00.000', '2023-05-30 00:00:00.000', '844.278/2017','Zebra convênios','ATIVO', null,34, 'CONVENIO');
INSERT INTO pat_mobiliario.tb_convenio (co_id, co_dthr_inicio, co_dthr_fim, co_numero,co_nome,co_situacao, co_fonte_recurso, coc_id, co_tipo) VALUES (530, '2015-12-18 00:00:00.000', '2019-11-12 00:00:00.000', '824040/2015 ','Zebra convênios','ATIVO', null,91, 'CONVENIO');
INSERT INTO pat_mobiliario.tb_convenio (co_id, co_dthr_inicio, co_dthr_fim, co_numero,co_nome,co_situacao, co_fonte_recurso, coc_id, co_tipo) VALUES (531, '2015-12-18 00:00:00.000', '2019-11-12 00:00:00.000', '824040/2015 ','Zebra convênios','ATIVO', null,91, 'CONVENIO');
INSERT INTO pat_mobiliario.tb_convenio (co_id, co_dthr_inicio, co_dthr_fim, co_numero,co_nome,co_situacao, co_fonte_recurso, coc_id, co_tipo) VALUES (532, '2015-12-31 00:00:00.000', '2020-06-17 00:00:00.000', '817.469/2015','Zebra convênios','ATIVO', null,79, 'CONVENIO');
INSERT INTO pat_mobiliario.tb_convenio (co_id, co_dthr_inicio, co_dthr_fim, co_numero,co_nome,co_situacao, co_fonte_recurso, coc_id, co_tipo) VALUES (533, '2007-12-30 00:00:00.000', '2014-12-30 00:00:00.000', '0246.417-28/2007','Zebra convênios','ATIVO', null,39, 'CONVENIO');
INSERT INTO pat_mobiliario.tb_convenio (co_id, co_dthr_inicio, co_dthr_fim, co_numero,co_nome,co_situacao, co_fonte_recurso, coc_id, co_tipo) VALUES (534, '2008-12-19 00:00:00.000', '2019-12-19 00:00:00.000', '01.08.565-00','Zebra convênios','ATIVO', null,18, 'CONVENIO');
INSERT INTO pat_mobiliario.tb_convenio (co_id, co_dthr_inicio, co_dthr_fim, co_numero,co_nome,co_situacao, co_fonte_recurso, coc_id, co_tipo) VALUES (535, '2015-12-18 00:00:00.000', '2019-11-12 00:00:00.000', '824040/2015 ','Zebra convênios','ATIVO', null,91, 'CONVENIO');
INSERT INTO pat_mobiliario.tb_convenio (co_id, co_dthr_inicio, co_dthr_fim, co_numero,co_nome,co_situacao, co_fonte_recurso, coc_id, co_tipo) VALUES (536, '2010-03-29 00:00:00.000', '2020-03-29 00:00:00.000', '01.10.0104-00','Zebra convênios','ATIVO', null,18, 'CONVENIO');
INSERT INTO pat_mobiliario.tb_convenio (co_id, co_dthr_inicio, co_dthr_fim, co_numero,co_nome,co_situacao, co_fonte_recurso, coc_id, co_tipo) VALUES (537, '2010-12-31 00:00:00.000', '2020-06-22 00:00:00.000', '759.980/2011','Zebra convênios','ATIVO', null,80, 'CONVENIO');
INSERT INTO pat_mobiliario.tb_convenio (co_id, co_dthr_inicio, co_dthr_fim, co_numero,co_nome,co_situacao, co_fonte_recurso, coc_id, co_tipo) VALUES (538, '2008-12-19 00:00:00.000', '2019-12-19 00:00:00.000', '01.08.565-00','Zebra convênios','ATIVO', null,18, 'CONVENIO');
INSERT INTO pat_mobiliario.tb_convenio (co_id, co_dthr_inicio, co_dthr_fim, co_numero,co_nome,co_situacao, co_fonte_recurso, coc_id, co_tipo) VALUES (539, '2008-12-19 00:00:00.000', '2019-12-19 00:00:00.000', '01.08.565-00','Zebra convênios','ATIVO', null,18, 'CONVENIO');
INSERT INTO pat_mobiliario.tb_convenio (co_id, co_dthr_inicio, co_dthr_fim, co_numero,co_nome,co_situacao, co_fonte_recurso, coc_id, co_tipo) VALUES (540, '2008-12-19 00:00:00.000', '2019-12-19 00:00:00.000', '01.08.565-00','Zebra convênios','ATIVO', null,18, 'CONVENIO');
INSERT INTO pat_mobiliario.tb_convenio (co_id, co_dthr_inicio, co_dthr_fim, co_numero,co_nome,co_situacao, co_fonte_recurso, coc_id, co_tipo) VALUES (541, '2016-12-31 00:00:00.000', '2018-03-26 00:00:00.000', '842.667/2016','Zebra convênios','ATIVO', null,79, 'CONVENIO');
INSERT INTO pat_mobiliario.tb_convenio (co_id, co_dthr_inicio, co_dthr_fim, co_numero,co_nome,co_situacao, co_fonte_recurso, coc_id, co_tipo) VALUES (542, '2011-11-18 00:00:00.000', '2020-01-28 00:00:00.000', '757.670/2011','Zebra convênios','ATIVO', null,28, 'CONVENIO');
INSERT INTO pat_mobiliario.tb_convenio (co_id, co_dthr_inicio, co_dthr_fim, co_numero,co_nome,co_situacao, co_fonte_recurso, coc_id, co_tipo) VALUES (543, '2015-12-18 00:00:00.000', '2019-11-12 00:00:00.000', '824040/2015 ','Zebra convênios','ATIVO', null,91, 'CONVENIO');
INSERT INTO pat_mobiliario.tb_convenio (co_id, co_dthr_inicio, co_dthr_fim, co_numero,co_nome,co_situacao, co_fonte_recurso, coc_id, co_tipo) VALUES (544, '2011-12-23 00:00:00.000', '2019-12-31 00:00:00.000', '761.919/2011','Zebra convênios','ATIVO', null,34, 'CONVENIO');
INSERT INTO pat_mobiliario.tb_convenio (co_id, co_dthr_inicio, co_dthr_fim, co_numero,co_nome,co_situacao, co_fonte_recurso, coc_id, co_tipo) VALUES (545, '2012-12-31 00:00:00.000', '2018-05-30 00:00:00.000', '781.953/2012','Zebra convênios','ATIVO', null,34, 'CONVENIO');
INSERT INTO pat_mobiliario.tb_convenio (co_id, co_dthr_inicio, co_dthr_fim, co_numero,co_nome,co_situacao, co_fonte_recurso, coc_id, co_tipo) VALUES (546, '2016-12-30 00:00:00.000', '2018-12-30 00:00:00.000', '839.169/2016','Zebra convênios','ATIVO', null,34, 'CONVENIO');
INSERT INTO pat_mobiliario.tb_convenio (co_id, co_dthr_inicio, co_dthr_fim, co_numero,co_nome,co_situacao, co_fonte_recurso, coc_id, co_tipo) VALUES (547, '2007-03-15 00:00:00.000', '2015-03-30 00:00:00.000', '213706-23/2006 MI','Zebra convênios','ATIVO', null,41, 'CONVENIO');
INSERT INTO pat_mobiliario.tb_convenio (co_id, co_dthr_inicio, co_dthr_fim, co_numero,co_nome,co_situacao, co_fonte_recurso, coc_id, co_tipo) VALUES (548, '2019-02-15 00:00:00.000', '2021-02-14 00:00:00.000', '981/2019','Zebra convênios','ATIVO', null,100, 'CONVENIO');
INSERT INTO pat_mobiliario.tb_convenio (co_id, co_dthr_inicio, co_dthr_fim, co_numero,co_nome,co_situacao, co_fonte_recurso, coc_id, co_tipo) VALUES (549, '2016-12-30 00:00:00.000', '2018-12-31 00:00:00.000', '839.169/2016','Zebra convênios','ATIVO', null,34, 'CONVENIO');
INSERT INTO pat_mobiliario.tb_convenio (co_id, co_dthr_inicio, co_dthr_fim, co_numero,co_nome,co_situacao, co_fonte_recurso, coc_id, co_tipo) VALUES (550, '2009-12-21 00:00:00.000', '2012-03-15 00:00:00.000', '724.684/2009','Zebra convênios','ATIVO', null,28, 'CONVENIO');
INSERT INTO pat_mobiliario.tb_convenio (co_id, co_dthr_inicio, co_dthr_fim, co_numero,co_nome,co_situacao, co_fonte_recurso, coc_id, co_tipo) VALUES (551, '2011-12-30 00:00:00.000', '2015-02-25 00:00:00.000', '760.096/2011','Zebra convênios','ATIVO', null,79, 'CONVENIO');
INSERT INTO pat_mobiliario.tb_convenio (co_id, co_dthr_inicio, co_dthr_fim, co_numero,co_nome,co_situacao, co_fonte_recurso, coc_id, co_tipo) VALUES (552, '2011-12-30 00:00:00.000', '2017-12-30 00:00:00.000', '768.929/2011','Zebra convênios','ATIVO', null,34, 'CONVENIO');
INSERT INTO pat_mobiliario.tb_convenio (co_id, co_dthr_inicio, co_dthr_fim, co_numero,co_nome,co_situacao, co_fonte_recurso, coc_id, co_tipo) VALUES (553, '2017-12-31 00:00:00.000', '2019-12-31 00:00:00.000', '22452','Zebra convênios','ATIVO', null,30, 'CONVENIO');
INSERT INTO pat_mobiliario.tb_convenio (co_id, co_dthr_inicio, co_dthr_fim, co_numero,co_nome,co_situacao, co_fonte_recurso, coc_id, co_tipo) VALUES (555, '2015-12-30 00:00:00.000', '2020-06-17 00:00:00.000', '817.691/2016 SUDECO','Zebra convênios','ATIVO', null,79, 'CONVENIO');
INSERT INTO pat_mobiliario.tb_convenio (co_id, co_dthr_inicio, co_dthr_fim, co_numero,co_nome,co_situacao, co_fonte_recurso, coc_id, co_tipo) VALUES (556, '2008-12-19 00:00:00.000', '2019-12-19 00:00:00.000', '010856500','Zebra convênios','ATIVO', null,18, 'CONVENIO');
INSERT INTO pat_mobiliario.tb_convenio (co_id, co_dthr_inicio, co_dthr_fim, co_numero,co_nome,co_situacao, co_fonte_recurso, coc_id, co_tipo) VALUES (557, '2008-12-19 00:00:00.000', '2019-12-19 00:00:00.000', '010856500','Zebra convênios','ATIVO', null,18, 'CONVENIO');
INSERT INTO pat_mobiliario.tb_convenio (co_id, co_dthr_inicio, co_dthr_fim, co_numero,co_nome,co_situacao, co_fonte_recurso, coc_id, co_tipo) VALUES (558, '2017-12-29 00:00:00.000', '2023-05-30 00:00:00.000', '844.278/2017','Zebra convênios','ATIVO', null,34, 'CONVENIO');
INSERT INTO pat_mobiliario.tb_convenio (co_id, co_dthr_inicio, co_dthr_fim, co_numero,co_nome,co_situacao, co_fonte_recurso, coc_id, co_tipo) VALUES (559, '2017-11-29 00:00:00.000', '2023-05-30 00:00:00.000', '844.278/2017','Zebra convênios','ATIVO', null,34, 'CONVENIO');
INSERT INTO pat_mobiliario.tb_convenio (co_id, co_dthr_inicio, co_dthr_fim, co_numero,co_nome,co_situacao, co_fonte_recurso, coc_id, co_tipo) VALUES (561, '2017-08-23 00:00:00.000', '2019-12-31 00:00:00.000', '847604/2017','Zebra convênios','ATIVO', null,101, 'CONVENIO');
INSERT INTO pat_mobiliario.tb_convenio (co_id, co_dthr_inicio, co_dthr_fim, co_numero,co_nome,co_situacao, co_fonte_recurso, coc_id, co_tipo) VALUES (563, '2015-12-18 00:00:00.000', '2019-11-12 00:00:00.000', '824040/2015 ','Zebra convênios','ATIVO', null,91, 'CONVENIO');
INSERT INTO pat_mobiliario.tb_convenio (co_id, co_dthr_inicio, co_dthr_fim, co_numero,co_nome,co_situacao, co_fonte_recurso, coc_id, co_tipo) VALUES (564, '2019-10-16 00:00:00.000', '2019-10-25 00:00:00.000', '724.684/2009','Zebra convênios','ATIVO', null,34, 'CONVENIO');
INSERT INTO pat_mobiliario.tb_convenio (co_id, co_dthr_inicio, co_dthr_fim, co_numero,co_nome,co_situacao, co_fonte_recurso, coc_id, co_tipo) VALUES (565, '2015-12-18 00:00:00.000', '2019-11-12 00:00:00.000', '824040/2015 ','Zebra convênios','ATIVO', null,91, 'CONVENIO');
INSERT INTO pat_mobiliario.tb_convenio (co_id, co_dthr_inicio, co_dthr_fim, co_numero,co_nome,co_situacao, co_fonte_recurso, coc_id, co_tipo) VALUES (566, '2020-01-03 00:00:00.000', '2020-01-30 00:00:00.000', '5419','Zebra convênios','ATIVO', null,5, 'CONVENIO');
INSERT INTO pat_mobiliario.tb_convenio (co_id, co_dthr_inicio, co_dthr_fim, co_numero,co_nome,co_situacao, co_fonte_recurso, coc_id, co_tipo) VALUES (568, '2020-01-07 00:00:00.000', '2020-01-22 00:00:00.000', '174','Zebra convênios','ATIVO', null,89, 'CONVENIO');
INSERT INTO pat_mobiliario.tb_convenio (co_id, co_dthr_inicio, co_dthr_fim, co_numero,co_nome,co_situacao, co_fonte_recurso, coc_id, co_tipo) VALUES (570, '2020-02-18 00:00:00.000', '2020-02-28 00:00:00.000', 'Não Informado','Zebra convênios','ATIVO', null,61, 'CONVENIO');
INSERT INTO pat_mobiliario.tb_convenio (co_id, co_dthr_inicio, co_dthr_fim, co_numero,co_nome,co_situacao, co_fonte_recurso, coc_id, co_tipo) VALUES (571, '2020-02-18 00:00:00.000', '2020-02-26 00:00:00.000', 'Não Informado','Zebra convênios','ATIVO', null,60, 'CONVENIO');
INSERT INTO pat_mobiliario.tb_convenio (co_id, co_dthr_inicio, co_dthr_fim, co_numero,co_nome,co_situacao, co_fonte_recurso, coc_id, co_tipo) VALUES (572, '2020-02-24 00:00:00.000', '2020-02-28 00:00:00.000', '017/2007SDH/PR ','Zebra convênios','ATIVO', null,89, 'CONVENIO');
INSERT INTO pat_mobiliario.tb_convenio (co_id, co_dthr_inicio, co_dthr_fim, co_numero,co_nome,co_situacao, co_fonte_recurso, coc_id, co_tipo) VALUES (573, '2020-02-24 00:00:00.000', '2020-02-27 00:00:00.000', 'Não Informado','Zebra convênios','ATIVO', null,89, 'CONVENIO');
INSERT INTO pat_mobiliario.tb_convenio (co_id, co_dthr_inicio, co_dthr_fim, co_numero,co_nome,co_situacao, co_fonte_recurso, coc_id, co_tipo) VALUES (574, '2020-02-24 00:00:00.000', '2020-02-25 00:00:00.000', '017/2007SDH/PR ','Zebra convênios','ATIVO', null,89, 'CONVENIO');
INSERT INTO pat_mobiliario.tb_convenio (co_id, co_dthr_inicio, co_dthr_fim, co_numero,co_nome,co_situacao, co_fonte_recurso, coc_id, co_tipo) VALUES (575, '2020-02-24 00:00:00.000', '2020-02-28 00:00:00.000', '017/2007SDH/PR ','Zebra convênios','ATIVO', null,89, 'CONVENIO');
INSERT INTO pat_mobiliario.tb_convenio (co_id, co_dthr_inicio, co_dthr_fim, co_numero,co_nome,co_situacao, co_fonte_recurso, coc_id, co_tipo) VALUES (576, '2020-02-26 00:00:00.000', '2020-03-03 00:00:00.000', '017/2007SDH/PR ','Zebra convênios','ATIVO', null,37, 'CONVENIO');
INSERT INTO pat_mobiliario.tb_convenio (co_id, co_dthr_inicio, co_dthr_fim, co_numero,co_nome,co_situacao, co_fonte_recurso, coc_id, co_tipo) VALUES (577, '2020-02-27 00:00:00.000', '2020-03-18 00:00:00.000', '017/2007SDH/PR ','Zebra convênios','ATIVO', null,89, 'CONVENIO');
INSERT INTO pat_mobiliario.tb_convenio (co_id, co_dthr_inicio, co_dthr_fim, co_numero,co_nome,co_situacao, co_fonte_recurso, coc_id, co_tipo) VALUES (578, '2020-03-26 00:00:00.000', '2020-03-27 00:00:00.000', '1','Zebra convênios','ATIVO', null,6, 'PROJETO');
INSERT INTO pat_mobiliario.tb_convenio (co_id, co_dthr_inicio, co_dthr_fim, co_numero,co_nome,co_situacao, co_fonte_recurso, coc_id, co_tipo) VALUES (579, '2020-06-19 00:00:00.000', '2020-06-19 00:00:00.000', '123456','Zebra convênios','ATIVO', null,89, 'CONVENIO');
ALTER SEQUENCE pat_mobiliario.seq_convenio RESTART WITH 580;


INSERT INTO pat_mobiliario.tb_estado_conservacao(ec_id, ec_nome, ec_prioridade) VALUES (1, 'Ótimo', 1);
INSERT INTO pat_mobiliario.tb_estado_conservacao(ec_id, ec_nome, ec_prioridade) VALUES (2, 'Bom', 2);
INSERT INTO pat_mobiliario.tb_estado_conservacao(ec_id, ec_nome, ec_prioridade) VALUES (3, 'Regular', 3);
INSERT INTO pat_mobiliario.tb_estado_conservacao(ec_id, ec_nome, ec_prioridade) VALUES (4, 'Desuso', 4);
INSERT INTO pat_mobiliario.tb_estado_conservacao(ec_id, ec_nome, ec_prioridade) VALUES (5, 'Precário', 5);
INSERT INTO pat_mobiliario.tb_estado_conservacao(ec_id, ec_nome, ec_prioridade) VALUES (6, 'Obsoleto', 6);
INSERT INTO pat_mobiliario.tb_estado_conservacao(ec_id, ec_nome, ec_prioridade) VALUES (7, 'Inservível', 7);

INSERT INTO pat_mobiliario.tb_reconhecimento (re_id, re_execucao_orcamentaria, re_nome, re_situacao) VALUES (NEXT VALUE FOR pat_mobiliario.seq_reconhecimento, 1, 'Compra', 'ATIVO');
INSERT INTO pat_mobiliario.tb_reconhecimento (re_id, re_execucao_orcamentaria, re_nome, re_situacao) VALUES (NEXT VALUE FOR pat_mobiliario.seq_reconhecimento, 0, 'Doação', 'ATIVO');

INSERT INTO pat_mobiliario.tb_responsavel(res_id, res_nome) VALUES (NEXT VALUE FOR pat_mobiliario.seq_responsavel, 'Alice');
INSERT INTO pat_mobiliario.tb_responsavel(res_id, res_nome) VALUES (NEXT VALUE FOR pat_mobiliario.seq_responsavel, 'Carol');
INSERT INTO pat_mobiliario.tb_responsavel(res_id, res_nome) VALUES (NEXT VALUE FOR pat_mobiliario.seq_responsavel, 'João');
INSERT INTO pat_mobiliario.tb_responsavel(res_id, res_nome) VALUES (NEXT VALUE FOR pat_mobiliario.seq_responsavel, 'Douglas');
INSERT INTO pat_mobiliario.tb_responsavel(res_id, res_nome) VALUES (NEXT VALUE FOR pat_mobiliario.seq_responsavel, 'Beatriz');
INSERT INTO pat_mobiliario.tb_responsavel(res_id, res_nome) VALUES (NEXT VALUE FOR pat_mobiliario.seq_responsavel, 'Carla');
INSERT INTO pat_mobiliario.tb_responsavel(res_id, res_nome) VALUES (NEXT VALUE FOR pat_mobiliario.seq_responsavel, 'Ana');
INSERT INTO pat_mobiliario.tb_responsavel(res_id, res_nome) VALUES (NEXT VALUE FOR pat_mobiliario.seq_responsavel, 'Diego');
INSERT INTO pat_mobiliario.tb_responsavel(res_id, res_nome) VALUES (NEXT VALUE FOR pat_mobiliario.seq_responsavel, 'Júlia');
INSERT INTO pat_mobiliario.tb_responsavel(res_id, res_nome) VALUES (NEXT VALUE FOR pat_mobiliario.seq_responsavel, 'Antônio');
INSERT INTO pat_mobiliario.tb_responsavel(res_id, res_nome) VALUES (NEXT VALUE FOR pat_mobiliario.seq_responsavel, 'Pedro');
INSERT INTO pat_mobiliario.tb_responsavel(res_id, res_nome) VALUES (NEXT VALUE FOR pat_mobiliario.seq_responsavel, 'Marcos');

INSERT INTO pat_mobiliario.tb_comodante(com_id, com_nome) VALUES (NEXT VALUE FOR pat_mobiliario.seq_comodante, 'Amanda');
INSERT INTO pat_mobiliario.tb_comodante(com_id, com_nome) VALUES (NEXT VALUE FOR pat_mobiliario.seq_comodante, 'Luíz');
INSERT INTO pat_mobiliario.tb_comodante(com_id, com_nome) VALUES (NEXT VALUE FOR pat_mobiliario.seq_comodante, 'Vanessa');
INSERT INTO pat_mobiliario.tb_comodante(com_id, com_nome) VALUES (NEXT VALUE FOR pat_mobiliario.seq_comodante, 'Isabella');
INSERT INTO pat_mobiliario.tb_comodante(com_id, com_nome) VALUES (NEXT VALUE FOR pat_mobiliario.seq_comodante, 'Sophia');
INSERT INTO pat_mobiliario.tb_comodante(com_id, com_nome) VALUES (NEXT VALUE FOR pat_mobiliario.seq_comodante, 'Laura');
INSERT INTO pat_mobiliario.tb_comodante(com_id, com_nome) VALUES (NEXT VALUE FOR pat_mobiliario.seq_comodante, 'Carlos');
